Country Name,Country Code,Indicator Name,Indicator Code,1960,1961,1962,1963,1964,1965,1966,1967,1968,1969,1970,1971,1972,1973,1974,1975,1976,1977,1978,1979,1980,1981,1982,1983,1984,1985,1986,1987,1988,1989,1990,1991,1992,1993,1994,1995,1996,1997,1998,1999,2000,2001,2002,2003,2004,2005,2006,2007,2008,2009,2010,2011,2012,2013,2014,2015,2016,2017,2018,2019,2020,2021
Aruba,ABW,"GNI per capita, Atlas method (current US$)",NY.GNP.PCAP.CD,,,,,,,,,,,,,,,,,,,,,,,,,,,,,9840,11110,11570,12560,13610,14640,16060,16930,17150,17980,18230,18320,20390,20510,19290,21120,24010,20370,24870,23390,27580,24930,23390,23400,24440,25500,25790,26180,26650,27720,29030,30000,24590,29390
Africa Eastern and Southern,AFE,"GNI per capita, Atlas method (current US$)",NY.GNP.PCAP.CD,,,,,,,,,,,,,,,,,,,,,,,,613.775423,587.6213671,523.7172413,518.1083056,574.6227598,662.1923102,705.3750171,712.3470278,750.4099018,702.7056135,695.6401808,685.4301123,720.1052357,735.7049562,737.7989629,680.4575643,660.7127163,656.0977288,629.8189861,615.6974355,666.2319824,810.6630638,1015.706723,1142.889018,1251.830201,1334.877376,1358.185087,1434.389102,1570.089482,1678.43941,1710.582051,1690.913141,1572.6986,1463.693601,1451.180357,1465.27234,1506.54076,1396.494155,1464.793991
Afghanistan,AFG,"GNI per capita, Atlas method (current US$)",NY.GNP.PCAP.CD,,,,,,,,,,,,,,,,,,,,,,,,,,,,,,,,,,,,,,,,,,,,,,,,,,460,520,550,650,680,650,610,570,540,520,530,500,390
Africa Western and Central,AFW,"GNI per capita, Atlas method (current US$)",NY.GNP.PCAP.CD,,,112.6321492,121.0020271,126.9932547,131.8694036,134.7297044,127.5148613,129.1347133,141.6522518,168.8454996,177.3480882,191.1760272,214.347232,298.026168,354.6404658,418.3227686,450.5121369,473.4976354,552.3852184,638.0789087,753.0924219,864.244837,912.8691582,749.0440612,678.2294431,616.5430435,608.7708564,624.0466546,557.9540372,550.8707577,536.9270065,547.6714009,467.6520472,412.7130472,404.3886731,423.4300053,461.6611941,459.6303371,461.9967448,452.0324419,474.2376526,517.3385937,578.1932875,704.0928942,831.6362917,1017.47713,1185.209238,1430.568749,1497.611477,1555.142811,1590.321609,1763.84695,1923.711925,2096.815123,2004.978658,1771.335338,1587.397582,1604.628244,1663.335667,1644.359873,1707.394011
Angola,AGO,"GNI per capita, Atlas method (current US$)",NY.GNP.PCAP.CD,,,,,,,,,,,,,,,,,,,,,,,,,,590,670,660,650,860,780,900,330,290,180,370,360,450,410,330,360,390,590,710,1010,1370,1810,2460,3030,3170,3220,3360,4060,4650,4800,3880,2450,1980,1870,2040,1740,1710
Albania,ALB,"GNI per capita, Atlas method (current US$)",NY.GNP.PCAP.CD,,,,,,,,,,,,,,,,,,,,,,,,,,,700,730,730,760,650,410,280,320,380,640,890,800,860,950,1100,1280,1370,1650,2100,2620,3050,3460,4040,4280,4360,4410,4360,4540,4540,4390,4320,4290,4860,5230,5260,6110
Andorra,AND,"GNI per capita, Atlas method (current US$)",NY.GNP.PCAP.CD,,,,,,,,,,,,,,,,,,,,,,,,,,,,,,,,,,,,,,,,,,,,,,,,,,,,,,,,,,,,46530,,
Arab World,ARB,"GNI per capita, Atlas method (current US$)",NY.GNP.PCAP.CD,,,,,,,,,,,,,,,,,,,,,,,2879.846858,2508.326725,2466.83084,2426.040482,2573.333778,2616.506765,2676.283226,2580.236688,3005.079518,2283.384863,2234.114602,2117.499409,2096.086777,2161.420667,2288.466619,2395.996519,2406.240109,2417.739928,2571.307942,2679.003479,2640.880791,2818.017999,3270.597121,3724.37754,4295.259082,4927.257783,5749.926222,5843.477194,6147.556991,6145.059329,6875.577972,7270.981782,7347.761356,6880.572581,6458.664325,6022.643413,6170.040736,6335.741908,5887.949756,
United Arab Emirates,ARE,"GNI per capita, Atlas method (current US$)",NY.GNP.PCAP.CD,,,,,,,,,,,,,,,,,,,,,,,,,,,,,,,,,,,,,,,,,30050,30570,29620,31910,36840,40190,42600,41580,40490,34670,33670,36540,41810,45850,47420,46270,44460,42090,44350,46210,41770,
Argentina,ARG,"GNI per capita, Atlas method (current US$)",NY.GNP.PCAP.CD,,,,,1130,1240,1360,1240,1220,1300,1320,1480,1470,1820,2470,2720,2350,2210,2180,2610,2900,2800,2660,2860,2820,2700,3020,3580,3950,2930,3180,3860,6060,7110,7600,7340,7700,8110,7990,7540,7430,6960,4020,3640,3360,4240,5460,6480,7630,7760,9270,10710,11890,12870,12350,12600,12220,13140,12430,11220,9010,9960
Armenia,ARM,"GNI per capita, Atlas method (current US$)",NY.GNP.PCAP.CD,,,,,,,,,,,,,,,,,,,,,,,,,,,,,,,,,300,350,390,450,500,530,560,590,640,690,780,940,1160,1500,1970,2690,3510,3250,3390,3470,3840,4110,4170,4080,3850,4070,4410,4880,4470,4850
American Samoa,ASM,"GNI per capita, Atlas method (current US$)",NY.GNP.PCAP.CD,,,,,,,,,,,,,,,,,,,,,,,,,,,,,,,,,,,,,,,,,,,,,,,,,,,,,,,,,,,,,,
Antigua and Barbuda,ATG,"GNI per capita, Atlas method (current US$)",NY.GNP.PCAP.CD,,,,,,,,,,,,,,,,,,,,1670,2070,2310,2340,2550,3000,3430,3790,4680,5830,6280,6730,7200,7440,7950,8470,8170,8750,9140,9360,9720,10220,9980,9800,10700,11650,12670,14120,15460,15650,13960,13030,12730,13180,13040,13230,13370,14170,15000,16680,17310,14530,15780
Australia,AUS,"GNI per capita, Atlas method (current US$)",NY.GNP.PCAP.CD,,,1870,1970,2110,2270,2350,2540,2730,2980,3270,3470,3890,4650,5950,7220,7870,8080,8470,9600,10830,11870,12070,11570,12000,11990,12310,12560,14140,15600,17340,18240,18570,18950,18930,19370,20590,22060,21920,21590,21280,20310,20200,21370,25830,30730,34580,37370,42380,44080,46740,50400,60270,66050,65180,60490,54080,51490,53100,54900,53620,57170
Austria,AUT,"GNI per capita, Atlas method (current US$)",NY.GNP.PCAP.CD,,,1060,1140,1240,1340,1470,1560,1680,1850,2070,2320,2760,3580,4650,5540,5980,6660,7540,9620,11460,11180,10380,9600,9270,9360,10820,13810,18070,19300,20630,21810,24520,24870,26140,28190,30090,29560,27970,27080,26810,25320,25030,28100,33850,38770,41500,44540,49210,49150,49750,50700,50100,50720,50390,47480,46240,45040,48980,51020,48990,52760
Azerbaijan,AZE,"GNI per capita, Atlas method (current US$)",NY.GNP.PCAP.CD,,,,,,,,,,,,,,,,,,,,,,,,,,,,,,,,,,110,80,180,240,410,510,600,630,680,740,840,960,1290,1920,2730,3890,4820,5410,5570,6480,7450,7740,6610,4790,4110,4080,4510,4480,4900
Burundi,BDI,"GNI per capita, Atlas method (current US$)",NY.GNP.PCAP.CD,,,70,80,80,70,60,50,50,50,70,70,70,80,100,110,120,140,140,170,210,240,220,220,210,230,240,250,250,230,220,220,210,190,170,150,150,150,150,140,140,130,130,120,120,130,150,170,180,190,210,220,240,240,250,250,250,250,240,230,220,220
Belgium,BEL,"GNI per capita, Atlas method (current US$)",NY.GNP.PCAP.CD,,,1450,1530,1670,1800,1950,2100,2270,2510,2790,3080,3640,4690,6000,6910,7580,8220,9560,11730,13980,13190,11180,9430,8860,8820,10170,13090,17010,18030,19310,20580,23170,23410,25090,27070,28550,28450,26530,25980,25890,24460,24060,27100,32910,37780,39940,42740,46570,46980,47080,46490,47130,47900,47820,45570,43400,42520,46060,48100,46030,50490
Benin,BEN,"GNI per capita, Atlas method (current US$)",NY.GNP.PCAP.CD,,,90,90,100,110,110,110,110,120,120,110,130,150,180,200,200,220,240,300,370,400,350,280,260,250,260,300,350,330,360,370,360,370,320,350,340,370,370,410,470,520,520,590,720,810,840,900,1010,1060,1050,1060,1090,1180,1230,1140,1070,1050,1150,1200,1230,1350
Burkina Faso,BFA,"GNI per capita, Atlas method (current US$)",NY.GNP.PCAP.CD,,,80,80,80,80,80,90,90,90,90,90,100,110,140,160,170,170,200,250,290,290,280,230,200,200,230,260,310,320,320,340,360,350,270,250,240,250,240,260,260,270,260,310,370,440,470,490,550,590,630,660,710,750,740,680,660,650,730,750,750,830
Bangladesh,BGD,"GNI per capita, Atlas method (current US$)",NY.GNP.PCAP.CD,,,,,,,,,,,,,,120,150,200,190,160,160,180,220,250,240,220,210,210,230,260,280,290,300,310,320,320,320,330,360,390,410,420,430,430,430,460,500,540,570,600,660,720,800,890,970,1030,1100,1210,1410,1650,2020,2210,2300,2570
Bulgaria,BGR,"GNI per capita, Atlas method (current US$)",NY.GNP.PCAP.CD,,,,,,,,,,,,,,,,,,,,,,,2360,2090,2010,1950,2190,2720,3110,2830,2250,1620,1430,1250,1240,1520,1590,1460,1440,1480,1660,1770,1970,2370,3060,3800,4300,4820,6070,6680,7010,7260,7490,7590,7700,7430,7400,7610,8530,9500,9520,11200
Bahrain,BHR,"GNI per capita, Atlas method (current US$)",NY.GNP.PCAP.CD,,,,,,,,,,,,,,,,,,,,,,,8410,8970,9040,7630,6960,7410,7510,7370,8690,9330,9330,9380,8970,9550,9870,9400,9190,9080,10220,10980,11850,12950,14510,16310,17660,19570,20940,18920,19390,19150,23360,24790,24530,22740,21820,21790,23210,24420,22950,
"Bahamas, The",BHS,"GNI per capita, Atlas method (current US$)",NY.GNP.PCAP.CD,,,1490,1590,1700,1840,1980,2150,2350,2630,2760,2940,3000,3510,3590,4340,2920,3150,3490,4880,5700,5470,6030,6320,7340,8120,8960,10270,11130,11790,11230,10710,10900,10640,10880,13340,14840,14070,15490,22170,24170,24390,25040,25680,27200,28560,28870,29330,29270,27530,26900,26540,27200,26280,26840,27450,27610,29260,29810,31210,23500,26490
Bosnia and Herzegovina,BIH,"GNI per capita, Atlas method (current US$)",NY.GNP.PCAP.CD,,,,,,,,,,,,,,,,,,,,,,,,,,,,,,,,,,,,,740,930,1210,1260,1390,1450,1570,1830,2450,2810,3170,3680,4500,4790,4820,4900,4900,5160,5170,5070,4990,4990,5620,6070,6030,6810
Belarus,BLR,"GNI per capita, Atlas method (current US$)",NY.GNP.PCAP.CD,,,,,,,,,,,,,,,,,,,,,,,,,,,,,,,,,1790,1600,1460,1370,1450,1540,1560,1410,1380,1300,1380,1630,2170,2820,3510,4310,5470,5660,6150,6340,6630,7030,7620,6750,5640,5320,5730,6370,6400,6940
Belize,BLZ,"GNI per capita, Atlas method (current US$)",NY.GNP.PCAP.CD,,,330,340,350,370,400,420,420,420,430,460,530,610,740,860,810,860,930,1120,1410,1420,1280,1150,1170,1210,1370,1640,1920,2130,2550,3020,3690,3840,3810,3900,3910,3930,3830,3990,4400,4400,4490,4760,4940,4990,5110,5150,5120,5230,5000,5090,5250,5510,5610,5770,5650,5520,5660,5890,5210,6070
Bermuda,BMU,"GNI per capita, Atlas method (current US$)",NY.GNP.PCAP.CD,,,,,,,,,,,,,,,,,,,,,,,,,,,,,,,,,,,,,,,,,,,,,,,,,,,103480,101610,100100,101760,99920,101120,103620,112940,117000,117280,111800,122470
Bolivia,BOL,"GNI per capita, Atlas method (current US$)",NY.GNP.PCAP.CD,,,,,,,,,,,,,,,,,530,570,640,740,800,880,840,810,820,810,720,690,690,700,700,720,740,770,790,830,880,930,970,950,960,940,900,890,940,1000,1090,1210,1450,1600,1750,1970,2210,2540,2780,2900,2970,3020,3290,3440,3120,3290
Brazil,BRA,"GNI per capita, Atlas method (current US$)",NY.GNP.PCAP.CD,,,,,,,270,310,370,410,450,500,580,720,950,1170,1380,1500,1680,1980,2150,2100,2040,1750,1660,1440,1540,1680,1920,2190,2170,2360,2320,2290,2590,3400,4370,5060,4920,4190,3910,3330,3080,2980,3340,3980,4830,6170,7590,8300,9610,11050,12270,12750,12080,10160,8890,8670,9140,9220,7820,7740
Barbados,BRB,"GNI per capita, Atlas method (current US$)",NY.GNP.PCAP.CD,,,,,,,,,,,,,,,,,,,,,,,,,,,5880,6680,7440,7900,7660,7640,7540,7770,8100,8460,8840,9220,9630,10050,11060,10910,10930,11590,12600,13580,14610,15940,16600,16160,15960,15450,16150,16080,16050,16170,16350,16490,17020,17630,16230,16900
Brunei Darussalam,BRN,"GNI per capita, Atlas method (current US$)",NY.GNP.PCAP.CD,,,,,,,,,,,,,,,,,,,,,,,,,,,,,,11970,12310,13400,14970,14870,14960,15580,16130,16150,14380,14000,14650,16040,17100,17770,19930,22990,27390,30620,33690,31920,32680,34830,41580,44520,42380,38250,32690,29400,29030,31880,31210,30320
Bhutan,BTN,"GNI per capita, Atlas method (current US$)",NY.GNP.PCAP.CD,,,,,,,,,,,,,,,,,,,,,,,260,240,270,270,320,450,500,520,530,450,440,430,460,470,510,560,530,560,700,750,810,900,1020,1170,1290,1590,1720,1810,1980,2180,2330,2350,2400,2470,2600,2760,2940,3130,2840,3040
Botswana,BWA,"GNI per capita, Atlas method (current US$)",NY.GNP.PCAP.CD,,,70,80,80,90,100,100,120,150,170,220,270,370,450,530,550,580,670,860,1060,1270,1220,1100,1020,1010,1090,1270,1890,2220,2610,2950,3140,3180,2820,3110,3030,3170,3050,3000,3020,3100,2780,3200,3730,4690,5250,5460,5310,4750,5220,6320,6700,7020,6800,5890,5760,5850,6220,6620,6010,6430
Central African Republic,CAF,"GNI per capita, Atlas method (current US$)",NY.GNP.PCAP.CD,,,70,70,70,80,80,90,90,100,100,100,100,120,140,160,180,210,240,280,320,330,330,260,270,290,350,420,490,490,480,470,470,440,360,350,290,300,270,270,250,250,250,250,290,320,340,370,400,460,480,500,530,350,360,370,380,400,450,470,460,480
Canada,CAN,"GNI per capita, Atlas method (current US$)",NY.GNP.PCAP.CD,,,,,,,,,,,,,,,,,,,,,,,,,,,,,,,,,,,,,,,,21450,22750,23110,23580,25480,29530,34310,37900,41550,44940,43230,44490,47190,51080,52800,52200,47590,43890,42900,45080,46540,43540,48310
Central Europe and the Baltics,CEB,"GNI per capita, Atlas method (current US$)",NY.GNP.PCAP.CD,,,,,,,,,,,,,,,,,,,,,,,,,,,,,,,,,2239.882305,2441.793439,2717.715384,3175.692022,3629.401064,3827.703002,3868.037347,3914.181282,4088.871524,4169.641886,4429.653961,5188.701609,6382.667279,7736.155775,8856.903101,10309.3298,12398.16555,12767.91459,12811.96475,12989.60721,13146.25716,13389.04836,13552.28104,13242.65921,12820.82563,13065.08076,14694.98083,15938.88046,15847.03606,17615.34133
Switzerland,CHE,"GNI per capita, Atlas method (current US$)",NY.GNP.PCAP.CD,,,,,,,,,,,,,,,,,,,,,,,,,,,,,,,,,,,,46740,49730,49340,46190,44280,44670,42110,40750,46780,55210,63090,65590,64490,65260,72450,79850,82280,87720,91710,89450,88010,84430,81870,83270,84250,82740,90600
Channel Islands,CHI,"GNI per capita, Atlas method (current US$)",NY.GNP.PCAP.CD,,,,,,,,,,,,,,,,,,,,,,,,,,,,,,,,,,,,,,,,,43430,42330,41390,43840,50740,56620,61160,66840,,,,,,,,,,,,,,
Chile,CHL,"GNI per capita, Atlas method (current US$)",NY.GNP.PCAP.CD,,,580,630,670,670,750,760,780,820,880,1050,1140,1350,1650,1140,1010,1060,1360,1780,2290,2770,2270,1810,1580,1420,1460,1650,1920,2180,2340,2590,3100,3430,3720,4410,5070,5610,5520,5150,5080,4820,4570,4620,5260,6270,7430,8790,10060,9980,10820,11970,14310,15230,14830,14210,13440,13340,14600,14830,12990,14780
China,CHN,"GNI per capita, Atlas method (current US$)",NY.GNP.PCAP.CD,,,70,80,90,100,110,100,90,110,120,130,130,160,180,200,190,190,200,210,220,220,220,220,250,290,310,320,330,320,330,350,390,420,470,540,650,750,800,860,940,1010,1110,1280,1510,1760,2060,2510,3100,3680,4340,5040,5910,6740,7470,7890,8210,8670,9540,10310,10520,11880
Cote d'Ivoire,CIV,"GNI per capita, Atlas method (current US$)",NY.GNP.PCAP.CD,,,160,170,200,200,220,220,250,260,280,280,300,360,450,560,640,740,910,1090,1120,1100,940,710,650,630,730,820,920,830,780,750,780,750,680,690,540,660,740,720,640,580,560,610,750,900,900,930,1060,1150,1190,1080,1220,1320,1990,2010,2010,2000,2140,2260,2240,2420
Cameroon,CMR,"GNI per capita, Atlas method (current US$)",NY.GNP.PCAP.CD,,,,,,,,120,140,160,160,170,190,220,290,360,340,350,530,650,650,800,790,720,740,800,980,1150,1220,1110,1000,930,950,980,880,860,770,780,760,750,720,690,690,820,1020,1130,1190,1230,1350,1440,1440,1450,1450,1510,1570,1520,1450,1400,1500,1540,1520,1590
"Congo, Dem. Rep.",COD,"GNI per capita, Atlas method (current US$)",NY.GNP.PCAP.CD,,,,,,,,,,,,,,,,,,,,,,,,,,,,,,,,,,,160,140,130,120,120,100,130,130,190,160,190,200,220,250,280,290,310,330,370,400,430,440,450,440,480,510,540,550
"Congo, Rep.",COG,"GNI per capita, Atlas method (current US$)",NY.GNP.PCAP.CD,,,140,140,150,160,170,180,200,200,210,220,260,320,400,470,460,430,470,590,800,1070,1210,1070,1060,990,970,1040,920,930,920,950,1050,900,750,470,460,590,580,500,560,620,670,690,760,1100,1570,1670,2110,2420,2650,2600,3350,3590,3830,2970,2130,1640,1910,1980,1760,1970
Colombia,COL,"GNI per capita, Atlas method (current US$)",NY.GNP.PCAP.CD,,,290,290,310,320,320,300,310,320,340,370,400,470,560,610,640,710,870,1090,1290,1380,1370,1310,1310,1240,1240,1260,1320,1270,1350,1400,1590,1760,2080,2380,2570,2690,2590,2360,2360,2350,2400,2400,2640,3030,3540,4170,4760,5190,5680,6370,7340,8000,8260,7400,6530,6010,6320,6590,5820,6190
Comoros,COM,"GNI per capita, Atlas method (current US$)",NY.GNP.PCAP.CD,,,,,,,,,,,,,,,,,,,,,,,620,550,520,520,590,740,910,890,930,910,1060,1050,850,830,770,790,730,710,730,710,690,800,970,1120,1170,1210,1350,1440,1450,1480,1500,1580,1580,1470,1410,1370,1480,1520,1520,1580
Cabo Verde,CPV,"GNI per capita, Atlas method (current US$)",NY.GNP.PCAP.CD,,,,,,,,,,,,,,,,,,,,,,,460,420,410,410,470,600,770,830,830,840,970,1110,1220,1320,1260,1270,1240,1280,1310,1260,1220,1420,1790,2030,2160,2650,3110,3270,3200,3310,3250,3310,3190,3050,2980,2930,3240,3460,2920,3190
Costa Rica,CRI,"GNI per capita, Atlas method (current US$)",NY.GNP.PCAP.CD,,,350,350,340,360,390,400,440,470,520,560,630,750,880,960,1040,1230,1460,1720,1930,1400,1010,930,1100,1220,1420,1580,1630,1640,1720,1930,2320,2710,2950,3160,3220,3330,3390,3450,3560,3660,3750,4000,4350,4610,5020,5630,6350,6480,7190,8020,9190,9840,10250,10610,11000,11400,11880,12040,11520,12310
Caribbean small states,CSS,"GNI per capita, Atlas method (current US$)",NY.GNP.PCAP.CD,,,478.667097,518.6360546,562.4816885,605.1590242,606.6604776,640.2651826,666.0197354,695.6704785,745.7189195,786.8611182,933.0423963,1034.716055,1221.794888,1546.987291,1573.842804,1698.574954,1852.879937,2048.566505,2361.461558,2628.653413,2799.668206,2685.596219,2620.974764,2574.904772,2497.799612,2559.471278,2770.185021,2806.733642,2810.809319,2815.344142,2931.137432,2980.130684,3018.319883,3380.069972,3672.633179,3836.193366,4022.082415,4527.265121,4871.584898,4992.71972,5200.65276,5664.681635,6297.419497,6853.873062,7584.776677,8301.723559,9201.359378,8853.65115,8972.831438,8829.163854,9710.101205,10168.36361,10275.93497,10193.20556,9575.173402,9534.34663,9751.076088,10119.42987,8919.906156,9683.174272
Cuba,CUB,"GNI per capita, Atlas method (current US$)",NY.GNP.PCAP.CD,,,,,,,,,,,,,830,1030,1230,1490,1540,1600,1780,2000,2150,2440,2350,2180,2300,2300,2380,2480,2770,2740,2650,2330,2120,1870,2130,2540,2700,2500,2240,2400,2620,2760,2830,3100,3500,3970,4410,4740,5040,5090,5170,5590,6080,6620,6820,7220,7480,7950,8630,8920,,
Curacao,CUW,"GNI per capita, Atlas method (current US$)",NY.GNP.PCAP.CD,,,,,,,,,,,,,,,,,,,,,,,,,,,,,,,,,,,,,,,,,,,,,,,,,,,,,,19890,19760,19520,19030,18960,19430,19700,16690,18430
Cayman Islands,CYM,"GNI per capita, Atlas method (current US$)",NY.GNP.PCAP.CD,,,,,,,,,,,,,,,,,,,,,,,,,,,,,,,,,,,,,,,,,,,,,,,,,,,73590,74100,51400,45330,43860,44970,48480,52670,58820,65680,61880,
Cyprus,CYP,"GNI per capita, Atlas method (current US$)",NY.GNP.PCAP.CD,,,,,,,,,,,,,,,,,,1520,1800,2400,3390,4050,4490,4220,4360,4480,5020,6300,7910,8570,9300,9460,11020,10970,11680,12810,13880,14280,15490,14340,14180,14170,14510,16710,20260,23990,25600,27340,31970,32780,32130,32640,29760,27890,26610,26100,24840,25050,27410,28560,26600,28470
Czechia,CZE,"GNI per capita, Atlas method (current US$)",NY.GNP.PCAP.CD,,,,,,,,,,,,,,,,,,,,,,,,,,,,,,,,,3360,3500,4170,5150,5980,6160,6110,6110,6340,6350,6650,8110,10260,12480,14000,15850,18510,18840,19400,19460,19440,19410,18900,18370,17670,18310,20560,22120,21800,24430
Germany,DEU,"GNI per capita, Atlas method (current US$)",NY.GNP.PCAP.CD,,,,,,,,,,,,,3600,4670,5800,6720,7130,7670,8870,11050,13010,12540,11120,10020,9880,9840,11240,14240,18620,19760,21300,22890,25810,25990,27530,29520,30860,30140,27950,26840,26180,24770,23680,26140,31670,35770,38270,40470,43650,43660,44680,47320,46560,47220,47640,45780,44280,43760,47490,49220,48050,51660
Djibouti,DJI,"GNI per capita, Atlas method (current US$)",NY.GNP.PCAP.CD,,,,,,,,,,,,,,,,,,,,,,,,,,,,,,,,,,,,,,,,,,,,,,,,,,,,,,,,2310,2400,2480,2640,2820,2830,3080
Dominica,DMA,"GNI per capita, Atlas method (current US$)",NY.GNP.PCAP.CD,,,,,,,,,,,,,,,,,,,,740,1000,1200,1250,1260,1370,1520,1820,2200,2590,2630,2850,3010,3270,3490,3580,3820,3990,4100,4270,4270,4300,4570,4370,4790,5080,5190,5650,5920,6530,6720,6930,7140,7060,6910,7210,7030,7400,7380,7890,8250,7140,7790
Denmark,DNK,"GNI per capita, Atlas method (current US$)",NY.GNP.PCAP.CD,,,,,,,,,2870,3140,3310,3670,4310,5580,6800,8080,8960,9780,11170,13560,15090,14180,12860,11710,11520,11840,14070,17760,22130,23050,24370,25540,28700,28570,30360,32560,34770,35150,33460,33060,32580,31410,30850,34750,42640,49610,53540,55740,60390,60090,61220,61990,61650,63200,63670,60510,58040,56690,61260,63140,62710,68300
Dominican Republic,DOM,"GNI per capita, Atlas method (current US$)",NY.GNP.PCAP.CD,,,220,240,260,230,250,250,250,280,340,380,440,520,620,720,780,840,910,1040,1150,1220,1250,1250,1310,1100,1040,940,920,910,870,1040,1350,1620,1740,1940,2160,2340,2430,2520,2660,2720,2870,2620,2540,3020,3610,4400,4730,4890,5280,5490,5730,5970,6260,6500,6780,7000,7680,7990,7170,8100
Algeria,DZA,"GNI per capita, Atlas method (current US$)",NY.GNP.PCAP.CD,,,190,230,240,250,230,260,290,320,350,330,460,570,760,960,1100,1130,1360,1690,2040,2250,2310,2240,2310,2440,2620,2830,2770,2570,2390,2000,1920,1750,1640,1570,1530,1520,1560,1550,1610,1680,1740,1940,2260,2730,3130,3620,4230,4300,4490,4610,5220,5540,5510,4880,4400,3970,4010,4050,3600,3660
East Asia & Pacific (excluding high income),EAP,"GNI per capita, Atlas method (current US$)",NY.GNP.PCAP.CD,,,72.46012123,78.64090799,87.05844327,98.42693972,106.368485,100.4305049,97.45970695,109.268824,122.2589022,125.6488326,132.6424702,160.1126263,187.5319644,218.5033398,214.1849164,227.472307,241.3304309,266.5042577,294.7932399,311.9453275,311.5613122,307.3865402,325.0695323,347.2786084,368.7970762,385.4361536,405.2401163,407.441998,422.8651472,452.9197669,502.9920108,545.9270762,612.7877443,704.9041083,820.3086384,888.6008644,832.3790481,854.5852249,909.6220168,980.6313051,1061.252889,1205.922572,1418.076368,1632.717474,1889.560897,2267.00665,2761.248895,3207.097968,3749.130327,4335.599039,5069.687848,5697.662849,6195.985143,6446.304721,6652.983041,6991.649021,7670.948441,8257.33632,8333.18882,9290.980257
Early-demographic dividend,EAR,"GNI per capita, Atlas method (current US$)",NY.GNP.PCAP.CD,,,,,,,,195.3106476,201.4333913,215.1413737,227.1733022,239.9382643,256.4258911,306.0290877,390.4433483,470.6124773,516.7969717,530.694187,566.7337015,657.5170276,781.1010851,880.3715354,855.5923882,797.6613547,770.9680021,768.5910056,792.9512024,829.1857706,857.4133712,826.7580657,861.9890193,901.7024689,996.3867992,1052.985057,1108.804659,1132.158586,1186.219304,1223.000269,1188.183472,1200.689175,1261.700428,1279.263293,1247.642488,1325.752535,1504.443066,1720.735107,1931.105526,2183.013773,2443.377496,2531.502281,2759.427262,2970.119818,3259.497617,3380.775523,3410.351492,3289.756817,3250.978325,3309.661409,3477.679196,3536.426346,3269.37998,3589.000391
East Asia & Pacific,EAS,"GNI per capita, Atlas method (current US$)",NY.GNP.PCAP.CD,,,143.119985,156.4149732,174.7398701,193.403782,212.5893012,223.5889724,242.686979,276.4330614,306.7095695,334.8007241,393.0187459,499.3286402,605.6765998,707.3588359,733.7147453,793.5755408,936.7529573,1136.751814,1290.659378,1341.800413,1293.59728,1260.091908,1298.964413,1384.243163,1590.567839,1941.994716,2479.366856,2660.358082,2762.604421,2873.137177,3075.52859,3323.843257,3660.284341,4137.704292,4366.930368,4232.792255,3702.107974,3660.852225,3869.029869,3955.624534,3908.145142,4090.529797,4600.229872,5037.117872,5321.745939,5686.259516,6191.552868,6536.394578,7352.036637,8159.887384,9123.055256,9715.746198,9937.775506,9818.746792,9894.127807,10229.41545,11095.60984,11689.56195,11637.03795,12736.96462
Europe & Central Asia (excluding high income),ECA,"GNI per capita, Atlas method (current US$)",NY.GNP.PCAP.CD,,,,,,,,,,,,,,,,,,,,,,,,,,,,,,,,2352.488692,2220.889492,2137.568291,1904.498635,1930.317257,1932.37156,2009.645649,1847.660535,1705.939568,1788.829534,1700.464756,1857.390044,2197.529251,2892.319593,3722.676215,4611.76054,5718.793604,6950.298082,6835.759175,7388.800351,8059.545168,9321.6468,10295.67172,10166.91051,8795.745993,7623.763643,7292.992138,7680.925792,8044.573909,7709.009696,8383.811476
Europe & Central Asia,ECS,"GNI per capita, Atlas method (current US$)",NY.GNP.PCAP.CD,,,,,,,,,,,,,1746.535123,2212.521839,2698.401143,3106.963299,3283.090828,3501.394635,3954.160321,4889.101712,5856.745817,5890.169868,5394.774383,4821.943775,4641.992758,4626.895728,5297.243009,6701.077075,8587.044124,9176.090888,9859.067809,10473.59477,11547.8553,11363.30891,11545.92987,12009.28277,12720.82379,12972.35173,12581.10847,12454.88303,12551.0418,12138.93564,12064.46765,13636.62376,16586.82535,19215.58593,20793.63731,22522.05241,24540.53385,24318.14691,24555.64986,25017.18779,25321.16763,26007.36923,26042.19202,24657.59552,23341.94336,22858.44904,24421.84192,25339.61582,24016.3533,26492.50083
Ecuador,ECU,"GNI per capita, Atlas method (current US$)",NY.GNP.PCAP.CD,,,370,350,380,420,440,460,460,490,510,500,500,590,810,1080,1260,1340,1530,1780,2070,2410,2350,2070,1860,1780,1730,1600,1470,1330,1340,1450,1570,1640,1800,1950,2070,2170,2160,1780,1560,1560,1740,2130,2560,2890,3110,3310,3860,4070,4400,4880,5380,5800,6100,5980,5820,5890,6110,6100,5560,5960
"Egypt, Arab Rep.",EGY,"GNI per capita, Atlas method (current US$)",NY.GNP.PCAP.CD,,,,,,,,170,170,190,210,240,260,290,300,330,350,370,380,410,480,510,550,560,630,670,730,860,820,770,740,730,740,740,800,900,990,1090,1170,1260,1370,1380,1280,1190,1150,1160,1260,1460,1750,2010,2250,2430,2690,2870,3060,3160,3260,2870,2650,2550,2860,3350
Euro area,EMU,"GNI per capita, Atlas method (current US$)",NY.GNP.PCAP.CD,,,,,,,,,,,,,2896.922715,3720.383209,4619.335278,5326.489503,5648.471533,6067.022664,6886.668307,8540.894799,10254.77274,10153.75613,9192.339187,8193.372344,7964.698663,7978.511388,9221.041481,11804.99524,15354.72699,16460.75135,17747.08349,18974.57554,21292.27289,20964.62949,21499.36435,22626.09783,23887.70825,23839.80198,22793.4972,22386.69159,22174.44273,21260.77509,20741.01847,23336.26695,28345.29876,32450.28053,34554.52436,36718.59151,39554.8502,39682.4904,39852.50075,40336.23272,39241.89563,39448.83562,39368.75668,37711.79071,36336.43319,35845.97954,38830.84609,40238.1621,38208.36246,41954.26372
Eritrea,ERI,"GNI per capita, Atlas method (current US$)",NY.GNP.PCAP.CD,,,,,,,,,,,,,,,,,,,,,,,,,,,,,,,,,,,290,280,290,310,310,300,290,300,290,290,330,390,410,430,420,490,520,610,,,,,,,,,,
Spain,ESP,"GNI per capita, Atlas method (current US$)",NY.GNP.PCAP.CD,,,500,570,640,730,840,930,1010,1110,1170,1310,1590,2090,2730,3240,3430,3640,4040,5010,6210,6310,5680,4860,4580,4550,5400,7110,9410,10700,12210,13700,15610,15010,14470,14830,15560,15820,15440,15480,15790,15540,15630,18080,22130,25910,27850,29770,32250,32560,31970,31020,29540,29230,29160,28460,27570,27120,29330,30360,27130,29690
Estonia,EST,"GNI per capita, Atlas method (current US$)",NY.GNP.PCAP.CD,,,,,,,,,,,,,,,,,,,,,,,,,,,,,,,,,,,,,,,,,4170,4310,4620,5730,7500,9730,11500,13430,15190,14570,14580,15840,16760,18140,18880,18570,18290,18760,21180,23010,23570,26460
Ethiopia,ETH,"GNI per capita, Atlas method (current US$)",NY.GNP.PCAP.CD,,,,,,,,,,,,,,,,,,,,,,,,210,200,190,230,280,270,260,260,250,220,210,160,150,150,140,130,120,120,120,120,110,130,160,180,220,270,330,370,380,400,460,540,590,650,720,780,830,880,940
European Union,EUU,"GNI per capita, Atlas method (current US$)",NY.GNP.PCAP.CD,,,,,,,,,,,,,2410.880086,3090.516822,3829.140285,4420.473977,4686.846511,5026.795331,5695.654494,7042.613232,8427.06874,8338.816303,7541.894045,6709.612808,6515.783619,6526.507791,7548.175071,9650.546076,12509.47513,13404.51796,14437.4094,15427.26334,17304.45815,17038.967,17513.02479,18493.32358,19615.72092,19658.25251,18872.48641,18590.88154,18501.48896,17813.98469,17493.86405,19750.37926,24030.28975,27635.31615,29601.2935,31661.07723,34410.70379,34555.5302,34778.98519,35237.6105,34500.94534,34798.42284,34799.20509,33395.80862,32171.81329,31826.60175,34565.5898,35947.60396,34342.19439,37778.77658
Fragile and conflict affected situations,FCS,"GNI per capita, Atlas method (current US$)",NY.GNP.PCAP.CD,,,,,,,,,,,,,,,,,,,,,1050.64764,1164.797685,1235.009689,1222.719671,1093.269282,1042.000627,1027.719834,1046.746146,1076.351253,972.4058102,1147.06167,787.0188619,731.4811526,643.0298763,568.5943757,573.8845013,603.534068,660.8887738,652.9076325,671.6727945,711.5573089,766.6996302,766.234934,770.6547132,921.0598036,1068.982102,1286.319681,1545.177415,1858.87549,1966.503851,2122.221129,1991.326861,2160.883045,2222.125591,2276.89049,2012.493317,1852.974962,1746.917619,1753.014043,1823.186231,1724.430697,1771.293814
Finland,FIN,"GNI per capita, Atlas method (current US$)",NY.GNP.PCAP.CD,,,1370,1470,1620,1810,1970,2060,2090,2270,2460,2690,3170,4030,5130,6320,6840,7190,7910,9540,11450,11980,11700,10840,10790,11130,13010,16480,21540,24110,26000,25100,24170,20680,20170,22030,24970,26680,25820,26050,26480,25850,25620,28800,35380,40230,42840,46190,50160,48950,49750,50260,48970,49510,49420,47180,45530,44840,48210,49940,50100,53510
Fiji,FJI,"GNI per capita, Atlas method (current US$)",NY.GNP.PCAP.CD,,,280,280,300,290,300,340,340,340,390,440,520,710,930,1120,1230,1290,1360,1640,1840,2010,1780,1570,1640,1550,1730,1690,1690,1680,1670,1680,1880,2000,2160,2410,2620,2540,2250,2300,2170,2070,2070,2290,2850,3350,3370,3560,3760,3650,3470,3590,3930,4470,4750,4840,5020,5120,5680,5610,4680,4500
France,FRA,"GNI per capita, Atlas method (current US$)",NY.GNP.PCAP.CD,,,1560,1710,1890,2060,2230,2380,2580,2830,3040,3260,3680,4700,5810,6750,7170,7840,8860,10850,13100,13200,12050,10450,9830,9780,11350,14500,18570,19550,20710,21420,23840,23580,24380,25740,27110,26930,25820,25420,24990,23870,23150,26000,31450,35920,37880,40160,43540,44070,43970,44440,43410,43800,43340,41130,39100,38320,41170,42460,39440,44160
Faroe Islands,FRO,"GNI per capita, Atlas method (current US$)",NY.GNP.PCAP.CD,,,,,,,,,,,,,,,,,,,,,,,,,,,,,,,,,,,,,,,,,,,,,,,,,,,,,,,,,,,,,,
"Micronesia, Fed. Sts.",FSM,"GNI per capita, Atlas method (current US$)",NY.GNP.PCAP.CD,,,,,,,,,,,,,,,,,,,,,,,,,,,,,,,,,,2080,2070,2150,2090,1880,1890,1980,2130,2160,2170,2270,2340,2450,2450,2460,2470,2690,2780,2950,3050,3100,3100,3470,3420,3490,3450,4030,4070,3980
Gabon,GAB,"GNI per capita, Atlas method (current US$)",NY.GNP.PCAP.CD,,,320,400,330,350,410,430,460,520,560,610,670,890,1660,2800,4330,3900,3000,3410,4450,5120,4680,4120,4160,3730,3710,3310,4010,4420,4660,5000,4950,4280,4000,3780,3960,4130,3810,3170,2990,3300,3470,3710,4120,5260,5470,6260,6950,7210,7450,7720,8660,8920,8930,7660,6810,6280,6610,6950,6830,6440
United Kingdom,GBR,"GNI per capita, Atlas method (current US$)",NY.GNP.PCAP.CD,,,,,,,,,,,2550,2800,3210,3920,4370,4890,5030,5240,5960,7590,9570,10680,10680,9880,9290,9180,10270,12730,16190,17420,18610,19430,21530,21400,21930,21120,22750,25460,26900,28110,29390,29010,29140,32250,37810,42700,44800,47360,48430,44170,41900,41180,41810,42800,44590,44480,43150,41740,42180,43380,38590,44480
Georgia,GEO,"GNI per capita, Atlas method (current US$)",NY.GNP.PCAP.CD,,,,,,,,,,,,,,,,,,,,,,,,,,,,,,,,,750,540,510,550,670,820,870,840,790,780,840,990,1210,1520,1910,2380,2820,2950,3210,3520,4150,4530,4740,4410,4080,4040,4460,4690,4260,4700
Ghana,GHA,"GNI per capita, Atlas method (current US$)",NY.GNP.PCAP.CD,,,190,200,210,230,240,240,220,220,240,270,250,270,310,290,280,290,330,360,390,380,330,290,320,330,370,400,410,380,380,400,420,400,360,360,370,380,380,390,330,290,270,310,370,450,580,770,1110,1150,1200,1340,1480,1780,1820,1870,1750,1820,2050,2150,2230,2280
Gibraltar,GIB,"GNI per capita, Atlas method (current US$)",NY.GNP.PCAP.CD,,,,,,,,,,,,,,,,,,,,,,,,,,,,,,,,,,,,,,,,,,,,,,,,,,,,,,,,,,,,,,
Guinea,GIN,"GNI per capita, Atlas method (current US$)",NY.GNP.PCAP.CD,,,,,,,,,,,,,,,,,,,,,,,,,,,,,400,390,410,410,450,480,480,490,500,500,460,440,400,360,350,340,370,360,400,460,620,670,690,670,690,690,730,750,760,810,850,940,960,1020
"Gambia, The",GMB,"GNI per capita, Atlas method (current US$)",NY.GNP.PCAP.CD,,,,,,,,,100,90,100,100,100,130,160,200,210,210,230,280,340,340,300,270,250,260,270,290,280,280,280,360,480,650,630,630,640,630,600,590,570,510,410,370,430,480,600,650,750,810,820,700,700,670,600,580,580,610,670,700,700,740
Guinea-Bissau,GNB,"GNI per capita, Atlas method (current US$)",NY.GNP.PCAP.CD,,,,,,,,,,,,,150,160,180,190,170,150,160,170,140,180,180,180,180,190,160,170,180,210,220,250,240,220,210,220,230,230,160,160,200,240,300,320,370,420,430,450,500,550,570,620,610,620,620,620,640,660,700,780,740,760
Equatorial Guinea,GNQ,"GNI per capita, Atlas method (current US$)",NY.GNP.PCAP.CD,,,,,,,,,,,,,,,,,,,,,,,110,120,120,140,150,190,230,210,240,240,340,330,240,220,320,770,620,720,680,790,1110,1040,1490,3370,7020,10040,12330,10830,8600,9950,11980,12140,11460,9410,7180,5660,5860,5520,5100,5150
Greece,GRC,"GNI per capita, Atlas method (current US$)",NY.GNP.PCAP.CD,,,620,700,790,900,1000,1090,1200,1370,,,,,,,,,,,,,,,,,,,,,,,,,,,,,,,,,,,,,24570,26370,28710,29420,27610,24560,23180,22430,22010,20190,18640,17960,19080,19690,17960,20000
Grenada,GRD,"GNI per capita, Atlas method (current US$)",NY.GNP.PCAP.CD,,,,,,,,,,,,,,,,,,,,1070,1220,1250,1260,1250,1320,1490,1770,2170,2450,2610,2760,2940,3020,3000,3090,3190,3370,3520,3830,4140,4410,4310,4460,5060,5100,6310,6080,6430,6810,6270,6470,6560,6520,6840,6940,7140,7670,8020,8740,8920,7880,8590
Greenland,GRL,"GNI per capita, Atlas method (current US$)",NY.GNP.PCAP.CD,,,,,,,,,,,,,1890,2440,3130,3800,4330,5140,6160,7550,9270,9100,8020,7270,6740,7060,8540,11470,15170,16970,15690,16510,17440,16600,17830,19470,20780,20540,20440,19740,20290,19390,18760,20440,25730,30920,30240,34800,,,,,,,,,,,,,,
Guatemala,GTM,"GNI per capita, Atlas method (current US$)",NY.GNP.PCAP.CD,,,260,280,280,290,290,290,310,330,350,360,390,450,540,610,690,800,920,1080,1210,1240,1170,1110,1130,1160,1070,1020,980,980,930,970,1030,1140,1230,1360,1440,1530,1610,1650,1670,1600,1600,1670,1850,2000,2150,2370,2610,2650,2730,2910,3160,3380,3550,3700,3870,4100,4400,4620,4490,4940
Guam,GUM,"GNI per capita, Atlas method (current US$)",NY.GNP.PCAP.CD,,,,,,,,,,,,,,,,,,,,,,,,,,,,,,,,,,,,,,,,,,,,,,,,,,,,,,,,,,,,,,
Guyana,GUY,"GNI per capita, Atlas method (current US$)",NY.GNP.PCAP.CD,,,280,250,280,310,320,340,330,350,360,380,390,430,540,680,670,610,620,670,760,740,590,510,470,500,520,450,460,360,390,330,390,470,570,680,840,890,870,850,870,870,870,920,1010,1070,1450,2250,3820,4160,4520,4870,5360,5630,5660,5560,5690,6000,6240,6500,8190,9410
High income,HIC,"GNI per capita, Atlas method (current US$)",NY.GNP.PCAP.CD,,,1498.625259,1589.317751,1708.933255,1852.171901,2017.615939,2144.106283,2346.849151,2553.34414,2707.271238,2949.188757,3376.112721,4127.084945,4819.093004,5386.280342,5712.987707,6132.839742,7006.885248,8412.72821,9722.908585,10119.83558,9634.751943,9238.099388,9581.8302,10027.42578,11321.04656,13579.70348,16532.91178,17412.21511,18212.41958,18951.10553,20572.97558,21069.27166,22198.08789,23740.11149,24933.79159,25053.31037,24094.74872,24372.18612,25393.572,25382.04888,25222.5779,27171.90254,31021.46741,34167.56177,35827.88331,37220.15819,38860.22751,38215.87724,39290.68692,40605.13898,41953.17374,42769.73685,42952.45231,41729.79916,40860.29279,41144.70893,44022.58911,45590.9176,43945.31327,48120.40469
"Hong Kong SAR, China",HKG,"GNI per capita, Atlas method (current US$)",NY.GNP.PCAP.CD,,,,570,630,700,710,710,740,840,930,1060,1300,1750,2150,2450,2900,3340,3930,4700,5730,6360,6290,5890,6170,6090,7230,9080,10770,11550,12660,14320,16560,19560,21820,23570,24140,26080,25110,25800,26930,26350,25270,26340,28120,28890,30290,32070,33950,32350,33620,35690,36340,38570,40240,41180,42970,46380,50050,50480,48550,54460
Honduras,HND,"GNI per capita, Atlas method (current US$)",NY.GNP.PCAP.CD,,,170,180,190,200,220,230,240,250,250,260,280,310,350,370,400,450,590,810,1060,1060,1000,980,1050,1130,1240,1380,1380,1250,1080,920,910,930,860,880,860,890,900,920,1010,1040,1060,1110,1190,1270,1340,1470,1610,1650,1710,1850,1930,1970,1970,2020,2080,2200,2280,2330,2150,2490
Heavily indebted poor countries (HIPC),HPC,"GNI per capita, Atlas method (current US$)",NY.GNP.PCAP.CD,,,,,,,,,,,,,,,,,,,,,369.029777,388.8680787,362.0397265,317.883422,305.2678999,304.1645562,335.9311638,380.672679,409.9209102,402.2679273,400.2911846,414.6419498,370.3338242,347.8566334,307.7605985,312.9513021,312.4919814,326.6706099,324.3560065,325.6069081,328.0636723,327.2273864,333.4078058,358.3595431,411.8394565,465.7181178,514.9981562,580.5650465,680.1798406,737.1196358,774.5398314,809.5242158,850.7540149,904.9264222,967.4330003,959.2736922,948.2905786,959.4377749,960.6957429,975.2168557,944.523542,989.0512022
Croatia,HRV,"GNI per capita, Atlas method (current US$)",NY.GNP.PCAP.CD,,,,,,,,,,,,,,,,,,,,,,,,,,,,,,,,,,,,,,5560,5460,5220,5250,5340,5660,6730,8600,10260,11410,12790,14400,14280,14270,14240,13640,13790,13520,13310,12740,13030,14440,15580,14820,17630
Haiti,HTI,"GNI per capita, Atlas method (current US$)",NY.GNP.PCAP.CD,,,,,,,,,,,,,,,,,,,,,250,250,250,250,260,290,330,350,390,380,420,460,400,320,260,310,370,400,410,460,550,640,730,670,660,700,790,910,1010,1160,1140,1250,1320,1410,1440,1430,1370,1360,1420,1400,1330,1430
Hungary,HUN,"GNI per capita, Atlas method (current US$)",NY.GNP.PCAP.CD,,,,,,,,,,,,,,,,,,,,,,,,,,,,,,,,,,3660,4030,4250,4370,4400,4410,4490,4620,4790,5290,6630,8650,10380,11240,11770,13250,13410,13260,13250,13080,13520,13560,13230,13100,13180,14980,16570,16030,17740
IBRD only,IBD,"GNI per capita, Atlas method (current US$)",NY.GNP.PCAP.CD,,,,,177.8336974,192.4618834,201.1423601,201.5450625,206.7052824,224.5423408,242.240108,257.0085418,277.9981691,335.2804006,415.5724175,489.3566568,512.5875156,533.4367814,576.1451217,662.671227,760.7383439,820.1458119,805.0052649,754.1092717,748.9527017,756.2534197,792.5708543,848.7757701,898.8306169,898.0302681,948.5132708,951.8369699,1007.774554,1050.724643,1115.153462,1210.803673,1341.192969,1435.049494,1391.958427,1367.67624,1413.631643,1423.848235,1441.495138,1564.79466,1822.057376,2128.583988,2477.069159,2944.94965,3478.742813,3742.410614,4182.257578,4664.266832,5293.676366,5716.247233,5898.768777,5717.479182,5602.147387,5729.640814,6164.049988,6491.012702,6258.714265,6894.74002
IDA & IBRD total,IBT,"GNI per capita, Atlas method (current US$)",NY.GNP.PCAP.CD,,,,,164.4323811,177.6452288,185.5465779,186.1342667,191.153087,207.4543357,224.7898912,238.1754455,256.9776462,306.6843626,380.6595296,447.8897998,471.2201933,490.3292969,528.203233,607.0863524,697.1916937,755.2566589,747.4923388,705.4422067,690.0086425,690.978265,719.0798726,767.5606164,811.1992321,806.1557532,846.2755255,848.5310789,889.9521129,917.7780422,963.784798,1040.917897,1147.712277,1224.307141,1187.026218,1166.319822,1202.43702,1211.31078,1226.79672,1328.507937,1542.907443,1794.525741,2080.824947,2459.617304,2895.837296,3109.108228,3454.420391,3808.38669,4290.159224,4619.369249,4768.415274,4621.340072,4521.141608,4605.054261,4930.547869,5168.282956,4971.892305,5441.042684
IDA total,IDA,"GNI per capita, Atlas method (current US$)",NY.GNP.PCAP.CD,,,,,,,,,123.1470006,132.7953,150.6633056,157.679871,166.2336856,178.3101031,225.4206589,264.6900921,291.5061996,304.7489065,322.9707972,371.6617037,431.371831,490.3829994,521.8191229,523.1303165,460.0272855,434.3078919,429.1882913,448.7060234,469.4799806,448.8486713,448.8841697,450.7036939,431.6488589,398.1084268,371.1538458,381.0268851,402.898801,421.593801,417.2273015,421.3581967,431.1310575,445.5503661,464.1422402,500.5792181,577.5600834,654.0359321,746.118034,846.6261603,983.9609887,1059.48891,1131.059299,1111.933768,1166.247658,1241.588616,1324.523086,1318.322347,1302.38166,1298.964974,1353.623755,1388.179854,1351.996768,1419.471094
IDA blend,IDB,"GNI per capita, Atlas method (current US$)",NY.GNP.PCAP.CD,,,102.6797856,109.3108932,112.6215327,120.449699,125.8528984,125.6293053,133.148069,149.7051414,178.7672385,188.9043292,200.2028965,207.2207303,266.2903006,304.7531515,355.4579331,385.2085641,412.687385,477.3142606,556.0341476,665.3538054,766.6265353,818.306854,687.1462027,625.3749478,569.8364667,558.2025219,568.2261492,518.9294528,508.3639419,489.6422799,494.8627809,443.363657,421.3480007,429.1804374,465.2691275,482.6219225,469.0725833,473.4899984,484.6956193,506.45127,539.0069042,582.6980355,688.9000516,794.7537081,946.7023933,1086.189033,1271.754847,1334.395707,1411.609842,1491.012554,1670.811359,1827.212414,1971.575207,1949.20393,1855.4094,1754.360029,1806.0363,1815.731831,1736.051575,1813.784853
Indonesia,IDN,"GNI per capita, Atlas method (current US$)",NY.GNP.PCAP.CD,,,,,,,,,,70,80,80,90,110,160,220,270,300,350,390,470,530,560,530,520,500,510,510,510,520,560,600,660,740,850,980,1080,1090,650,570,570,710,780,890,1070,1210,1360,1580,1920,2130,2510,2990,3550,3710,3600,3420,3400,3530,3850,4070,3900,4180
IDA only,IDX,"GNI per capita, Atlas method (current US$)",NY.GNP.PCAP.CD,,,,,,,,,,,,,,,,,,,,,,,,324.5976037,310.3152065,309.8869457,342.0510411,385.0109472,413.9455153,413.3329724,420.8218708,437.3759672,399.7724587,378.7367297,347.1746993,358.6836027,371.1548748,391.1198793,392.8245918,396.7279672,405.4797711,415.9549831,427.2236122,460.1145829,522.0492666,583.4158027,644.2975566,724.7137733,837.0829576,919.7043582,988.3019198,917.2910175,906.5819399,940.2036767,991.8505775,994.8355723,1020.443439,1068.475794,1125.603057,1174.239063,1161.186649,1224.352781
Isle of Man,IMN,"GNI per capita, Atlas method (current US$)",NY.GNP.PCAP.CD,,,,,,,,,,,,,,,,,,,,,,,,,,,,,,,,,,,,,,17300,19110,21690,22280,22870,24130,28120,34540,40030,45010,47980,43660,46800,72450,74870,82400,87680,88570,83630,78710,78840,83960,84580,,
India,IND,"GNI per capita, Atlas method (current US$)",NY.GNP.PCAP.CD,,,90,100,110,110,110,110,100,110,110,120,120,140,170,190,180,190,210,220,270,300,290,280,280,290,310,350,390,390,380,350,340,320,340,370,400,410,410,440,440,450,460,510,600,700,780,910,990,1110,1210,1360,1470,1500,1550,1590,1660,1800,1980,2080,1890,2150
Not classified,INX,"GNI per capita, Atlas method (current US$)",NY.GNP.PCAP.CD,,,,,,,,,,,,,,,,,,,,,,,,,,,,,,,,,,,,,,,,,,,,,,,,,,,,,,,,,,,,,,
Ireland,IRL,"GNI per capita, Atlas method (current US$)",NY.GNP.PCAP.CD,,,,,,,,,,,,,2070,2540,2990,3390,3280,3580,4120,5120,6380,6780,6390,5720,5610,5630,6370,8220,10420,11100,12560,13130,14440,14600,15480,16920,18880,20650,21430,22690,24130,24080,24920,29980,37840,44640,47950,50540,50940,46810,44990,42270,40840,43580,46480,50280,51790,53520,59350,63570,65330,76110
"Iran, Islamic Rep.",IRN,"GNI per capita, Atlas method (current US$)",NY.GNP.PCAP.CD,,,210,210,220,250,270,290,320,360,390,440,540,720,1070,1470,2000,2080,2030,2230,2160,2360,2960,3240,3120,3440,3630,3510,3010,2580,2560,,,,,1300,1630,1820,1800,1760,1770,1800,1890,2210,2510,2940,3450,4220,4890,5450,6110,6860,7490,7340,6740,5480,5470,5490,4880,4010,3290,3530
Iraq,IRQ,"GNI per capita, Atlas method (current US$)",NY.GNP.PCAP.CD,,,,,,,,,,,,,,,,,,,,,3910,3410,3010,2330,2510,2730,3020,3460,3650,3640,6970,70,50,40,60,120,370,720,880,1230,1520,1650,1340,800,1300,1340,1730,2330,3440,3980,4350,4710,5940,6590,6320,5460,5050,4400,4780,5470,4720,4760
Iceland,ISL,"GNI per capita, Atlas method (current US$)",NY.GNP.PCAP.CD,,,1540,1740,2050,2440,2980,3110,2790,2490,,,,,,,,,,,,,,,,,,,,,,,,,,,,28480,29270,30400,31540,30700,30930,33710,42020,50520,53450,61880,50060,41860,36270,37610,40690,46960,48090,49940,54910,60230,67770,72950,62280,63460
Israel,ISR,"GNI per capita, Atlas method (current US$)",NY.GNP.PCAP.CD,,,1320,1330,1310,1440,1470,1480,1730,1910,,,,,,,,,,,,,,,,,,,,,,,,,,,,19700,19460,19110,19960,19920,19130,19300,20680,22190,23030,24710,26900,27940,30280,32320,33020,35080,36670,36640,36970,38320,41690,44070,43310,49290
Italy,ITA,"GNI per capita, Atlas method (current US$)",NY.GNP.PCAP.CD,,,960,1060,1160,1280,1410,1550,1700,1850,2060,2250,2620,3250,3930,4320,4510,4730,5270,6740,8430,8710,8220,7630,7760,8030,9380,12160,15950,17300,18660,20370,22960,21590,20860,20670,21830,22300,22220,21990,21910,21190,20770,23410,28360,32480,34280,35930,37980,37990,37960,37980,36220,35570,34910,33000,31970,31380,33850,34930,32410,35990
Jamaica,JAM,"GNI per capita, Atlas method (current US$)",NY.GNP.PCAP.CD,,,,,,,,,630,650,730,760,990,1030,1200,1390,1390,1470,1430,1340,1230,1320,1370,1420,1150,940,970,1190,1500,1710,1790,1750,1630,1860,1900,2320,2550,2800,2930,3160,3290,3300,3320,3510,3740,3890,4180,4420,4680,4440,4520,4730,5130,5170,5070,4870,4770,4940,5230,5500,4900,5190
Jordan,JOR,"GNI per capita, Atlas method (current US$)",NY.GNP.PCAP.CD,,,,,,,,,,,,,,,,,,,1260,1660,1940,2180,2110,1860,1830,1760,1960,2190,2230,1600,1310,1120,1280,1320,1380,1460,1470,1490,1510,1560,1690,1760,1790,1920,2180,2370,2480,2640,3070,3440,3690,3910,4180,4240,4040,3860,3830,3920,4090,4200,4070,4170
Japan,JPN,"GNI per capita, Atlas method (current US$)",NY.GNP.PCAP.CD,,,610,700,810,900,1040,1210,1430,1680,1880,2140,2720,3620,4430,5170,5410,5940,7450,9450,10850,11130,10550,10270,10520,11460,13850,18170,24890,27010,27820,28600,30560,33370,37150,42570,43940,40760,35010,34320,36810,37380,35360,35660,39000,41280,40590,39310,39380,39230,43910,47470,50060,48850,44440,39380,38460,38930,41770,42010,40810,42650
Kazakhstan,KAZ,"GNI per capita, Atlas method (current US$)",NY.GNP.PCAP.CD,,,,,,,,,,,,,,,,,,,,,,,,,,,,,,,,,,1430,1310,1280,1340,1390,1390,1290,1270,1360,1530,1810,2300,2930,3860,4980,6110,6790,7440,8280,9940,11840,12080,11380,8770,8040,8070,8820,8710,8880
Kenya,KEN,"GNI per capita, Atlas method (current US$)",NY.GNP.PCAP.CD,,,100,110,110,110,120,120,130,140,130,160,180,200,230,250,250,280,330,400,460,460,400,340,320,310,340,380,420,400,380,350,340,270,260,280,350,400,440,440,430,410,390,420,460,520,590,710,830,830,930,1010,1060,1130,1260,1330,1500,1550,1730,1890,1900,2080
Kyrgyz Republic,KGZ,"GNI per capita, Atlas method (current US$)",NY.GNP.PCAP.CD,,,,,,,,,,,,,,,,,,,,,,,,,,,,,,,,,520,450,370,360,390,390,360,300,280,280,290,340,400,450,500,610,760,860,850,880,1040,1190,1250,1180,1110,1110,1220,1240,1180,1180
Cambodia,KHM,"GNI per capita, Atlas method (current US$)",NY.GNP.PCAP.CD,,,,,,,,,,,,,,,,,,,,,,,,,,,,,,,,,,,,240,310,320,290,300,300,310,320,360,410,470,520,590,670,690,750,810,880,960,1020,1070,1160,1260,1420,1560,1530,1580
Kiribati,KIR,"GNI per capita, Atlas method (current US$)",NY.GNP.PCAP.CD,,,,,,,,,,,,,,,,,,,840,840,700,690,780,740,560,520,510,570,660,680,730,970,1010,970,1000,1100,1040,1280,1390,1240,1270,1270,1180,1240,1390,1600,1610,1720,1830,1810,1950,1990,2490,2840,3050,3280,2660,2780,3000,3250,2740,2750
St. Kitts and Nevis,KNA,"GNI per capita, Atlas method (current US$)",NY.GNP.PCAP.CD,,,,,,,,,,,,,,,,,,,,1380,1670,1850,1940,2000,2230,2490,3040,3630,4320,4590,5170,5240,5680,6150,6650,7220,7580,7930,7650,8060,8850,9160,9150,9140,10330,11670,12560,13260,15860,15710,15790,16520,16800,18220,18420,18370,19320,20020,21530,23340,19420,18820
"Korea, Rep.",KOR,"GNI per capita, Atlas method (current US$)",NY.GNP.PCAP.CD,,,120,120,130,130,140,150,190,240,280,310,340,430,550,660,810,970,1280,1680,1870,2030,2050,2170,2340,2480,2850,3530,4520,5380,6450,7570,8310,9010,10090,11820,13320,13550,10330,10430,11030,11950,12850,13790,16200,18520,20800,23440,23860,22040,22290,23590,25660,26980,28160,28720,29330,30300,32750,33830,33040,35110
Kuwait,KWT,"GNI per capita, Atlas method (current US$)",NY.GNP.PCAP.CD,,,,,,,,,,,,,,,,,,,,,,,,,,,,,,,,,,,18810,19910,19930,20860,19800,17540,19000,19710,19760,23240,29130,35760,42480,47530,51810,45410,43190,44120,49020,51310,50050,41040,34540,30880,32300,34290,,
Latin America & Caribbean (excluding high income),LAC,"GNI per capita, Atlas method (current US$)",NY.GNP.PCAP.CD,,,,,,,448.8781769,463.7282545,497.8505564,531.5189711,562.6369131,617.1352434,679.685735,825.5497839,1056.945752,1247.776962,1326.318585,1358.789071,1472.747553,1728.050409,2004.103395,2158.40697,2054.073187,1807.164649,1725.03745,1632.08928,1658.142738,1764.870889,1895.164943,1959.908135,2066.934921,2313.896381,2621.039618,2875.304774,3257.228715,3499.101251,3905.067627,4225.085766,4218.150224,3982.491455,4017.667583,3872.798947,3640.149698,3649.2787,3925.81971,4376.444808,5032.643191,5863.432689,6745.768736,6884.103632,7642.497453,8482.606928,9370.638548,9815.196966,9639.461823,8813.203037,8077.980654,7945.848142,8225.054799,8290.741418,7217.58711,7578.611136
Lao PDR,LAO,"GNI per capita, Atlas method (current US$)",NY.GNP.PCAP.CD,,,,,,,,,,,,,,,,,,,,,,,,,,,550,430,250,210,190,210,240,270,310,350,380,370,300,280,280,300,320,330,380,450,510,610,740,880,990,1130,1360,1600,1810,1970,2110,2240,2470,2520,2470,2500
Lebanon,LBN,"GNI per capita, Atlas method (current US$)",NY.GNP.PCAP.CD,,,,,,,,,,,,,,,,,,,,,,,,,,,,,,,1020,1350,1580,1880,2280,2820,3330,3560,3750,3960,4090,4060,3950,3690,4720,4940,4900,5360,5910,6680,7410,7800,8080,7970,7520,7440,7750,8320,8760,8630,6400,5110
Liberia,LBR,"GNI per capita, Atlas method (current US$)",NY.GNP.PCAP.CD,,,,,,,,,,,,,,,,,,,,,,,,,,,,,,,,,,,,,,,,,,,250,180,210,250,280,310,370,410,440,500,540,620,630,630,620,630,620,610,600,630
Libya,LBY,"GNI per capita, Atlas method (current US$)",NY.GNP.PCAP.CD,,,,,,,,,,,,,,,,,,,,,,,,,,,,,,,,,,,,,,,,,,,5290,5240,5160,6810,8710,10910,12310,11150,11670,6170,13810,12120,9460,8690,7980,10220,11520,10530,7890,8700
St. Lucia,LCA,"GNI per capita, Atlas method (current US$)",NY.GNP.PCAP.CD,,,,,,,,,,,,,,,,,,,,,,,1470,1440,1580,1840,2380,2710,3200,3450,3620,3740,4260,4260,4340,4490,4690,4620,4810,5050,5460,5250,5280,5650,6300,6550,7210,7510,8160,8140,8320,9000,9040,8960,8990,8890,9610,10210,10980,11040,8590,9520
Latin America & Caribbean,LCN,"GNI per capita, Atlas method (current US$)",NY.GNP.PCAP.CD,,,,,,,489.1917765,503.6780883,538.6355497,573.4812008,610.2561586,669.0083793,734.9951193,888.7360753,1128.842319,1307.354207,1386.492514,1425.072256,1553.177924,1825.973386,2124.045728,2311.146466,2197.995724,1937.730471,1850.270086,1758.556987,1792.295555,1892.599117,2024.736917,2055.134129,2160.972584,2398.017617,2709.339132,2953.608094,3309.26751,3570.25363,3967.550101,4297.371362,4290.449324,4085.567368,4149.719111,4033.766776,3783.161461,3774.421056,4093.088419,4582.211669,5275.882006,6155.321484,7093.86758,7268.046294,8059.032203,8875.961007,9804.86532,10220.74115,10109.31228,9147.324717,8427.130825,8314.250587,8649.377374,8750.080242,7637.295012,8067.689348
Least developed countries: UN classification,LDC,"GNI per capita, Atlas method (current US$)",NY.GNP.PCAP.CD,,,,,,,,,,,,,,,,,,,,,,,,,,223.1162716,246.0341516,275.7374957,297.7748794,311.5486895,319.7054874,339.9353161,290.6863768,273.1583219,246.6791334,259.087416,271.0777867,285.9254417,284.2931629,285.8010466,296.6102789,303.725709,315.2149675,338.3737252,388.7366621,441.6313596,492.5813041,563.2124888,653.6926389,715.6345335,769.7353793,825.2419305,897.8662774,972.3482104,1019.550757,998.0977463,989.9045922,1025.644793,1069.570599,1117.342732,1100.575532,1151.245402
Low income,LIC,"GNI per capita, Atlas method (current US$)",NY.GNP.PCAP.CD,,,,,,,,,,,,,,,,,,,,,,,,278.8137308,257.0094942,248.6516921,269.8167635,308.752205,344.4931437,357.0872743,366.9275293,392.5319269,319.3178969,287.9429209,245.9621626,249.2986336,255.0666911,259.4578517,244.8577297,241.1341591,241.0913202,246.4722889,255.7759859,272.579878,311.8065252,353.6052436,394.015474,451.6039666,522.6924185,580.2163705,616.6634711,653.9032014,678.6347503,716.1067927,753.8019131,748.9360263,754.077605,771.9817134,747.2515347,742.5274705,714.2556275,741.1779466
Liechtenstein,LIE,"GNI per capita, Atlas method (current US$)",NY.GNP.PCAP.CD,,,,,,,,,,,,,5190,6590,8340,10330,11440,12700,15230,19140,23400,23410,20990,19300,19460,20100,23200,31500,41770,43770,45510,47570,54300,56640,61950,70030,78620,80300,77930,79020,79240,68600,65420,68800,79030,93020,104310,112400,122130,116600,,,,,,,,,,,,
Sri Lanka,LKA,"GNI per capita, Atlas method (current US$)",NY.GNP.PCAP.CD,,,,130,130,130,150,170,160,170,170,170,180,210,250,270,260,260,240,260,280,300,310,310,330,370,410,430,460,440,460,490,550,600,640,690,740,800,820,840,870,830,840,940,1060,1210,1360,1550,1790,2010,2430,2910,3460,3630,3810,3920,4020,4230,4360,4220,3930,4030
Lower middle income,LMC,"GNI per capita, Atlas method (current US$)",NY.GNP.PCAP.CD,,,,,,,,112.7407494,113.6835786,122.9972688,132.7409985,139.3177644,149.9608656,174.7139703,217.8562883,261.6984247,287.7327497,302.4926611,328.5904703,370.5016849,428.0886909,475.6310653,504.7521535,506.3143092,484.4057503,491.0624948,511.0149887,539.1273707,553.4606482,531.6311883,525.9614564,503.429837,506.3877565,491.5802284,506.3665903,543.6014261,595.9261578,618.4910284,579.9719122,583.3697387,589.7425739,611.7795597,626.3041232,689.553975,800.2692757,914.2214741,1033.446457,1200.35286,1377.677097,1500.575311,1649.541165,1823.122118,2035.74034,2141.628556,2188.060658,2139.860233,2145.147096,2196.315732,2336.284345,2407.145288,2266.694668,2469.502864
Low & middle income,LMY,"GNI per capita, Atlas method (current US$)",NY.GNP.PCAP.CD,,,132.8254901,142.8850219,156.7557493,170.5737049,178.5150553,178.9936621,183.5936168,199.7248814,216.2983352,228.6826869,246.5812991,294.3048839,364.8816923,432.168727,454.224976,472.2187032,507.4046038,581.5106704,665.4978633,717.93797,712.0451203,674.1776045,661.1532386,663.3059042,690.5343366,739.0937902,781.9038904,780.4465526,817.9654422,817.2681587,853.8658709,877.0194221,920.7274627,990.8589227,1091.130355,1161.527224,1123.068006,1102.722177,1135.783042,1143.796813,1162.069979,1262.488807,1466.293648,1702.59994,1972.009659,2328.074523,2734.556477,2942.29724,3284.269824,3638.00414,4114.463032,4447.720988,4593.376372,4470.324023,4378.509387,4461.718907,4770.658829,4997.455175,4809.614977,5261.888676
Lesotho,LSO,"GNI per capita, Atlas method (current US$)",NY.GNP.PCAP.CD,,,,,,,80,90,80,80,90,90,100,140,210,220,260,290,320,380,420,490,580,510,460,380,370,390,470,490,520,550,620,640,660,680,700,690,620,620,590,650,600,680,810,1030,1140,1300,1290,1180,1260,1340,1480,1430,1320,1280,1230,1150,1180,1270,1150,1210
Late-demographic dividend,LTE,"GNI per capita, Atlas method (current US$)",NY.GNP.PCAP.CD,,,,,,,200.5490421,197.7683328,202.2989394,224.4651207,249.8846083,266.475481,291.5477406,351.9547789,423.7489568,486.0683595,499.6935159,532.9914459,581.0849901,669.6657917,746.0813804,768.354227,748.5789598,697.4297088,714.0103604,719.4535037,769.7614093,829.0866212,909.3545284,953.833694,980.7688898,1058.037595,1080.678313,1107.153478,1178.055927,1349.790755,1560.401318,1709.62668,1660.532487,1595.581152,1631.56519,1642.640049,1719.876168,1915.597967,2273.658744,2687.833098,3186.95888,3872.552301,4694.052966,5127.749597,5768.952748,6502.394919,7476.65929,8266.549722,8676.772971,8502.673099,8345.946513,8551.581074,9347.446897,10011.92582,9882.48194,10915.88892
Lithuania,LTU,"GNI per capita, Atlas method (current US$)",NY.GNP.PCAP.CD,,,,,,,,,,,,,,,,,,,,,,,,,,,,,,,,,,,,,,2600,2860,2980,3210,3450,3820,4700,6010,7560,8800,10600,12680,12460,12570,13320,14100,15340,16070,15190,14890,15280,17470,19080,19680,21740
Luxembourg,LUX,"GNI per capita, Atlas method (current US$)",NY.GNP.PCAP.CD,,,1630,1680,1870,1920,2020,2070,2240,2560,3220,3440,4050,5200,6850,7890,8470,9030,10600,12870,15390,15400,14850,13410,12990,13050,15520,19980,25870,28540,31330,35170,38990,40050,41330,45760,48560,49360,46350,46520,45690,45000,42520,46050,62680,73180,71370,85730,86000,70650,77640,79210,87950,85160,86760,73530,73730,75800,79770,77500,79580,88190
Latvia,LVA,"GNI per capita, Atlas method (current US$)",NY.GNP.PCAP.CD,,,,,,,,,,,,,,,,,,,,,,,,,,,,,,,,,,,,,,2720,2870,2990,3320,3600,3940,4670,5830,7390,8930,11230,13520,14120,12650,12740,13800,14850,15340,15110,14800,14870,16560,17830,18240,19790
"Macao SAR, China",MAC,"GNI per capita, Atlas method (current US$)",NY.GNP.PCAP.CD,,,,,,,,,,,,,,,,,,,,,,,,,4690,4530,5160,6440,7400,7970,8810,9750,12230,13910,15580,16950,17020,16890,15350,14390,14580,15720,16260,17750,22040,23670,25770,33430,32900,34990,43710,52570,58830,67630,70480,60760,62300,68200,74190,73170,44690,46450
St. Martin (French part),MAF,"GNI per capita, Atlas method (current US$)",NY.GNP.PCAP.CD,,,,,,,,,,,,,,,,,,,,,,,,,,,,,,,,,,,,,,,,,,,,,,,,,,,,,,,,,,,,,,
Morocco,MAR,"GNI per capita, Atlas method (current US$)",NY.GNP.PCAP.CD,,,,,,,,,240,250,260,280,300,360,460,550,590,620,660,800,990,980,950,790,730,690,780,870,1090,1120,1170,1250,1290,1250,1370,1320,1540,1480,1480,1430,1400,1410,1380,1550,1840,2070,2240,2380,2690,2880,2930,3000,2970,3090,3470,3360,3140,3160,3380,3500,3250,3620
Monaco,MCO,"GNI per capita, Atlas method (current US$)",NY.GNP.PCAP.CD,,,,,,,,,,,,,,,,,,,,,,,,,,,,,,,,,,,,,,,,,,,,,,,,,,,,,,,,,,,,,,
Moldova,MDA,"GNI per capita, Atlas method (current US$)",NY.GNP.PCAP.CD,,,,,,,,,,,,,,,,,,,,,,,,,,,,,,,,,,,,,,630,580,510,490,500,590,710,910,1120,1280,1440,1870,1950,2380,2730,3140,3620,3740,3290,3180,3330,3920,4580,4490,5370
Madagascar,MDG,"GNI per capita, Atlas method (current US$)",NY.GNP.PCAP.CD,,,130,130,140,140,150,160,170,170,180,180,190,210,260,300,290,300,310,380,480,490,510,470,420,390,390,360,340,290,300,270,280,290,280,280,290,290,290,270,280,290,270,330,340,330,320,370,440,460,460,470,480,500,500,470,450,460,490,510,460,490
Maldives,MDV,"GNI per capita, Atlas method (current US$)",NY.GNP.PCAP.CD,,,,,,,,,,,,,,,,,,,,,,,,,,,,,,,,,,,,,,1730,1820,1940,2050,2230,2640,3460,3890,3600,4730,4610,5520,5530,6030,6700,6790,7060,7640,7990,8450,9040,9700,10160,6780,9600
Middle East & North Africa,MEA,"GNI per capita, Atlas method (current US$)",NY.GNP.PCAP.CD,,,,,,,,,,,,,,,,,,,,,,,,,,,,,,,,,,,,2464.144072,2696.718085,2863.107834,2870.292743,2864.260693,3019.211653,3120.23543,3087.228825,3307.396323,3793.357098,4303.8897,4916.960439,5647.296308,6546.54129,6758.956955,7205.783051,7379.801374,8191.5625,8568.541133,8551.241962,7889.214203,7494.506643,7110.940633,7305.999997,7399.350042,6875.751407,
Mexico,MEX,"GNI per capita, Atlas method (current US$)",NY.GNP.PCAP.CD,,,380,410,460,490,530,570,630,660,700,750,840,1010,1230,1480,1560,1490,1600,1900,2570,3280,3010,2420,2230,2310,2110,2090,2140,2430,2860,3330,3860,4590,5420,4880,4700,4730,5070,5580,6280,6800,7150,7410,7860,8100,8750,9330,9880,8940,9170,9430,10180,10400,10640,10310,9530,9060,9350,9660,8750,9590
Marshall Islands,MHL,"GNI per capita, Atlas method (current US$)",NY.GNP.PCAP.CD,,,,,,,,,,,,,,,,,,,,,,,,,,,,,,,,,,,,3060,2640,2500,2540,2650,2770,2940,2970,3070,3270,3470,3390,3580,3490,3610,3710,3780,3790,4280,4500,4980,5040,5330,6010,6750,6690,6780
Middle income,MIC,"GNI per capita, Atlas method (current US$)",NY.GNP.PCAP.CD,,,135.7565273,146.327572,160.8794537,175.1230377,183.4164957,183.7303031,188.3978846,205.178947,222.3231156,235.2185367,253.8435238,303.3671212,376.1481861,445.5970586,468.4335954,487.0367598,523.8741012,600.8547297,687.7179343,742.3082753,737.1525023,699.0666013,686.666548,689.5318778,717.2206721,766.7247818,810.5456551,808.4939288,847.9162838,845.5667326,889.0564599,916.0957303,965.7273284,1041.182774,1148.993189,1224.640157,1185.062697,1164.562794,1200.779651,1208.829695,1228.042045,1335.577403,1553.334733,1807.163868,2096.987796,2480.477135,2918.222964,3141.458059,3515.288554,3928.479452,4469.029875,4844.430948,5008.209599,4879.910009,4784.205867,4881.802705,5237.684056,5498.914454,5302.224292,5815.377118
North Macedonia,MKD,"GNI per capita, Atlas method (current US$)",NY.GNP.PCAP.CD,,,,,,,,,,,,,,,,,,,,,,,,,,,,,,,,,1720,1450,1400,1790,2180,2220,2010,1910,1920,1820,1850,2110,2590,3020,3350,3620,4370,4650,4740,4840,4770,5030,5220,5130,5000,4940,5500,5890,5730,6190
Mali,MLI,"GNI per capita, Atlas method (current US$)",NY.GNP.PCAP.CD,,,,,,,,,,60,60,60,70,80,90,120,140,160,170,210,240,230,190,170,160,180,200,230,280,280,270,310,310,310,270,260,260,270,270,280,280,290,280,340,390,450,480,520,590,640,670,710,710,750,780,770,750,730,800,820,790,820
Malta,MLT,"GNI per capita, Atlas method (current US$)",NY.GNP.PCAP.CD,,,,,,,,,,,,,1090,1260,1560,1990,2120,2320,2660,3300,4280,4670,4550,3940,3830,3690,4000,4930,6260,6910,7600,7940,8720,8570,8600,9720,10210,10200,10070,10530,10950,10760,10800,12590,14350,15730,16360,17570,20410,20310,21370,22120,22160,23370,24560,25230,23440,24670,27950,29340,26440,30760
Myanmar,MMR,"GNI per capita, Atlas method (current US$)",NY.GNP.PCAP.CD,,,,30,30,20,20,10,10,20,20,20,20,20,30,40,40,40,40,30,30,30,30,40,40,40,40,40,40,40,40,40,50,60,70,90,120,130,120,120,130,140,140,150,180,200,230,280,350,470,630,820,1010,1190,1240,1200,1230,1210,1250,1300,1370,1170
Middle East & North Africa (excluding high income),MNA,"GNI per capita, Atlas method (current US$)",NY.GNP.PCAP.CD,,,,,,,,,,,,,,,,,,,,,,,,,,,,,,,,,,,,1256.995739,1444.529282,1570.081591,1617.228828,1671.684491,1746.191879,1797.709766,1780.174481,1855.961692,2099.434363,2364.208149,2692.632908,3151.894116,3697.606631,4036.233347,4380.27578,4214.581929,4563.999404,4603.915371,4484.793375,4036.770938,3930.344305,3755.011925,3651.989329,3505.474176,3170.946993,3408.549121
Montenegro,MNE,"GNI per capita, Atlas method (current US$)",NY.GNP.PCAP.CD,,,,,,,,,,,,,,,,,,,,,,,,,,,,,,,,,,,,,,,,,,,1970,2440,3100,3660,4320,5120,6470,6740,6920,7260,7000,7330,7320,7260,7090,7410,8450,9140,7900,9340
Mongolia,MNG,"GNI per capita, Atlas method (current US$)",NY.GNP.PCAP.CD,,,,,,,,,,,,,,,,,,,,,,,,1440,1320,1230,1350,1530,1710,1610,1450,1210,810,510,420,460,540,570,510,470,460,470,520,600,750,880,1110,1400,1800,1790,2010,2610,3690,4390,4270,3850,3520,3250,3700,3840,3720,3730
Northern Mariana Islands,MNP,"GNI per capita, Atlas method (current US$)",NY.GNP.PCAP.CD,,,,,,,,,,,,,,,,,,,,,,,,,,,,,,,,,,,,,,,,,,,,,,,,,,,,,,,,,,,,,,
Mozambique,MOZ,"GNI per capita, Atlas method (current US$)",NY.GNP.PCAP.CD,,,,,,,,,,,,,,,,,,,,,,,,,,,,,,,,,,210,190,190,210,250,280,320,320,320,290,320,370,400,430,460,510,550,530,550,610,680,690,650,540,470,460,490,470,480
Mauritania,MRT,"GNI per capita, Atlas method (current US$)",NY.GNP.PCAP.CD,,,,180,230,270,270,280,300,280,300,290,300,350,490,530,550,570,580,650,730,740,680,650,620,590,620,680,750,770,740,820,910,950,850,870,950,850,810,800,710,640,640,710,800,940,1150,1240,1400,1480,1540,1630,1790,1890,1790,1690,1560,1570,1710,1790,1790,1950
Mauritius,MUS,"GNI per capita, Atlas method (current US$)",NY.GNP.PCAP.CD,,,,,,,,,,,,,,,,,,,1010,1220,1240,1280,1190,1070,1030,1060,1250,1620,2060,2220,2430,2620,2990,3120,3230,3470,3780,3900,3780,3660,3900,3970,3960,4410,5170,5600,5910,6470,7380,7720,8250,8580,9260,9920,10220,10140,10050,10410,11510,12130,9940,9920
Malawi,MWI,"GNI per capita, Atlas method (current US$)",NY.GNP.PCAP.CD,,,50,50,50,50,60,60,60,60,60,70,80,100,120,130,130,130,160,170,190,180,180,170,160,150,150,150,160,160,180,210,190,210,150,160,170,200,200,180,160,140,170,220,300,300,300,330,370,410,440,490,450,400,370,350,340,370,430,550,580,620
Malaysia,MYS,"GNI per capita, Atlas method (current US$)",NY.GNP.PCAP.CD,,,250,260,280,320,340,350,360,360,380,410,460,600,780,900,960,1020,1180,1510,1870,2010,1930,1870,2020,1980,1920,2020,2210,2330,2470,2630,2950,3310,3670,4120,4570,4690,3690,3430,3490,3570,3800,4160,4710,5230,5770,6540,7400,7470,8110,8890,9980,10600,10870,10400,9880,9680,10370,10960,10320,10710
North America,NAC,"GNI per capita, Atlas method (current US$)",NY.GNP.PCAP.CD,,,3191.640193,3319.764007,3505.895827,3765.287488,4069.653489,4238.23135,4598.149082,4914.945362,5069.140571,5439.169848,6071.174585,7048.334668,7716.933394,8219.767118,8654.714487,9263.081469,10392.69693,11781.91447,12922.11149,13862.9252,13719.51487,14055.88365,15635.48036,16847.62385,18432.69661,20630.16826,22646.66805,22891.72383,23165.77428,23372.16702,24730.98922,25418.15971,26643.19546,27979.31765,29169.79648,30144.2021,30884.00579,32484.16664,34671.60903,35375.95099,35964.23465,38358.62674,42144.24856,45020.41646,46865.91501,47829.35984,48698.57791,47420.15414,48694.27735,50293.24251,52633.04277,53881.18871,55444.96584,55719.48504,55812.99154,57582.40132,61593.92413,64128.67147,62488.01703,68598.52111
Namibia,NAM,"GNI per capita, Atlas method (current US$)",NY.GNP.PCAP.CD,,,,,,,,,,,,,,,,,,,,,,,2180,2010,1830,1450,1470,1770,1870,2000,2090,2240,2390,2270,2320,2500,2530,2510,2370,2220,2210,2060,1970,2240,2850,3490,4000,4220,4330,4280,4540,5190,5800,6020,5870,5380,4810,4700,5000,5270,4650,4650
New Caledonia,NCL,"GNI per capita, Atlas method (current US$)",NY.GNP.PCAP.CD,,,,,,,,1830,2160,2520,3220,3420,3780,4000,5280,6400,6440,6580,6980,6900,7980,7940,7160,5920,5480,5510,6170,8070,13270,14540,14760,15200,16070,15880,16320,17720,18240,17810,14520,13650,13210,,,,,,,,,,,,,,,,,,,,,
Niger,NER,"GNI per capita, Atlas method (current US$)",NY.GNP.PCAP.CD,,,150,150,150,160,160,160,160,140,140,150,150,150,200,220,210,230,280,340,390,380,340,280,210,210,240,260,310,310,320,350,410,370,290,260,230,230,240,230,220,220,220,240,280,330,350,380,440,470,510,520,540,570,580,550,520,510,570,590,550,590
Nigeria,NGA,"GNI per capita, Atlas method (current US$)",NY.GNP.PCAP.CD,,,100,110,110,110,110,100,100,120,170,180,200,220,340,400,510,570,560,650,760,980,1260,1460,1130,970,790,710,680,550,560,510,510,360,310,310,380,440,440,450,460,530,630,700,860,1020,1330,1600,1950,2030,2130,2180,2450,2700,2970,2850,2440,2070,1980,2050,2020,2080
Nicaragua,NIC,"GNI per capita, Atlas method (current US$)",NY.GNP.PCAP.CD,,,140,150,160,200,230,280,290,300,300,310,320,380,500,560,590,670,640,490,590,650,670,670,700,680,750,850,670,360,310,210,230,290,440,610,860,870,870,910,950,960,960,990,1080,1160,1200,1280,1390,1380,1460,1560,1660,1730,1810,1870,1930,2000,1940,1860,1740,1950
Netherlands,NLD,"GNI per capita, Atlas method (current US$)",NY.GNP.PCAP.CD,,,1220,1310,1460,1700,1840,2000,2230,2550,2830,3230,3770,4970,6240,7470,8170,8910,10240,12500,14520,13710,12090,10840,10510,10120,11450,14410,18190,19130,19900,20830,23030,23540,24850,27110,29250,29400,27830,28150,28160,26840,26390,30290,36630,41960,45270,48620,51670,52310,53430,53650,51500,51900,51600,49300,46480,46270,50540,51930,50170,55200
Norway,NOR,"GNI per capita, Atlas method (current US$)",NY.GNP.PCAP.CD,,,1610,1710,1860,2050,2240,2470,2630,2850,3120,3570,4230,5320,6750,8380,9150,9960,11110,13110,15650,16410,15750,14930,15140,15710,17550,20830,23970,25080,26500,27820,30780,30210,30850,32690,35790,37910,36100,35540,36540,38220,39890,44750,54140,63830,70020,78470,87470,87830,88490,90330,99110,104190,104370,92910,81370,75650,80320,81670,77880,83880
Nepal,NPL,"GNI per capita, Atlas method (current US$)",NY.GNP.PCAP.CD,,,50,50,50,50,60,70,70,70,70,70,80,80,100,110,110,110,110,120,130,150,150,140,150,160,160,170,200,200,200,200,190,190,190,200,210,210,200,210,220,230,230,250,280,300,330,370,430,480,540,630,760,840,860,870,860,970,1110,1220,1180,1220
Nauru,NRU,"GNI per capita, Atlas method (current US$)",NY.GNP.PCAP.CD,,,,,,,,,,,,,,,,,,,,,,,,,,,,,,,,,,,,,,,,,,,,,,,,,,,,,8610,12410,14030,12690,11650,11150,12980,14400,15240,16920
New Zealand,NZL,"GNI per capita, Atlas method (current US$)",NY.GNP.PCAP.CD,,,,,,,,,,,,,,,,,,,,6530,7670,8240,7860,7370,7010,6950,7860,10010,12550,13570,13640,12160,12050,12360,13400,15280,16730,17160,15790,15040,14080,13810,14170,16960,21500,25440,26400,28150,28630,29690,29680,32230,36700,39930,41680,40660,39440,38870,41650,43050,41480,45230
OECD members,OED,"GNI per capita, Atlas method (current US$)",NY.GNP.PCAP.CD,,,1450.7581,1536.580868,1651.40506,1787.29087,1944.238091,2063.408291,2256.813952,2450.285179,2592.82192,2816.73844,3217.317188,3923.86628,4572.794139,5107.317205,5385.011107,5759.480436,6570.332139,7871.11672,9078.164914,9443.654557,8968.82996,8566.783136,8857.546234,9270.091495,10422.32844,12490.51459,15173.07093,15969.51897,16704.84107,17354.96068,18833.85336,19306.30884,20327.02441,21639.47417,22664.34328,22735.57956,21911.11803,22184.96209,23151.8056,23115.63005,22973.354,24696.04998,28150.00475,30980.85578,32471.29105,33711.44657,35153.63303,34538.21186,35496.1309,36616.62775,37749.04832,38388.96647,38486.27607,37349.11169,36478.12962,36656.9106,39078.06969,40340.50644,38769.1388,42359.97824
Oman,OMN,"GNI per capita, Atlas method (current US$)",NY.GNP.PCAP.CD,,,,,,,,170,240,300,350,360,390,340,780,1700,3110,3070,3000,3480,4490,6210,7040,6960,7110,7270,6420,5690,5380,5760,5730,6030,6500,6280,6200,6360,6550,6820,6450,6210,6840,7600,7770,8140,9320,10670,12760,14840,18090,18920,19540,18870,22030,23030,22020,20520,18520,16570,17230,17810,17110,17950
Other small states,OSS,"GNI per capita, Atlas method (current US$)",NY.GNP.PCAP.CD,,,,,,,,,,,,,,,,,,,,,,,,,,,,,,,,,,,,,,,,,,,4107.271822,4601.874783,5583.781171,6714.331575,8123.808596,9540.393404,10902.34741,10746.02947,11296.73945,12291.02982,13579.20042,14620.07074,14774.92474,13724.90511,12584.97325,11906.19899,12651.05203,13290.58052,12225.27387,12741.34361
Pakistan,PAK,"GNI per capita, Atlas method (current US$)",NY.GNP.PCAP.CD,,,90,100,100,110,120,130,140,150,170,180,170,150,150,160,180,200,230,270,310,340,350,330,330,330,340,350,380,380,370,370,400,410,410,440,450,440,410,410,450,470,490,520,600,680,740,790,850,880,890,950,1040,1120,1160,1190,1300,1440,1610,1570,1420,1470
Panama,PAN,"GNI per capita, Atlas method (current US$)",NY.GNP.PCAP.CD,,,500,530,550,590,630,670,710,770,810,890,960,1090,1230,1380,1360,1570,1810,2040,2280,2500,2660,2570,2600,2870,2940,3290,2770,2580,2660,2750,3040,3260,3440,3440,3600,3640,3710,3790,3920,3860,3970,4070,4500,4820,5130,5810,6580,6940,7290,8590,9580,10670,11220,12240,12810,13770,14540,15010,12470,13920
Peru,PER,"GNI per capita, Atlas method (current US$)",NY.GNP.PCAP.CD,,,290,300,330,380,450,480,470,470,500,560,630,740,920,1080,1070,1020,870,910,1030,1170,1140,920,890,840,840,950,790,790,840,1210,1410,1550,1750,1940,2140,2270,2140,2020,1960,1880,1940,2060,2260,2520,2780,3180,3760,3940,4380,4930,5740,6360,6470,6290,6070,6030,6430,6770,6000,6460
Philippines,PHL,"GNI per capita, Atlas method (current US$)",NY.GNP.PCAP.CD,,,230,200,180,190,210,220,240,260,240,240,240,290,350,420,470,490,550,660,770,840,830,760,650,590,620,680,750,800,830,830,890,940,1060,1170,1330,1400,1320,1250,1180,1170,1130,1170,1290,1380,1490,1710,2000,2160,2360,2500,2840,3140,3300,3350,3410,3480,3640,3770,3350,3550
Palau,PLW,"GNI per capita, Atlas method (current US$)",NY.GNP.PCAP.CD,,,,,,,,,,,,,,,,,,,,,,,,,,,,,,,,,,,,,,,,,,,9100,8770,9400,10320,10790,11650,11550,10780,11040,11940,12540,12720,14020,15750,16620,16430,17410,17150,14640,12790
Papua New Guinea,PNG,"GNI per capita, Atlas method (current US$)",NY.GNP.PCAP.CD,,,130,130,140,150,170,180,200,220,250,270,300,390,490,550,530,540,640,740,820,830,760,710,710,720,760,820,950,960,890,930,980,1130,1170,1060,1040,930,780,680,600,530,490,480,540,650,790,1050,1370,1470,1670,1740,2160,2360,2810,2670,2520,2390,2400,2510,2470,2460
Poland,POL,"GNI per capita, Atlas method (current US$)",NY.GNP.PCAP.CD,,,,,,,,,,,,,,,,,,,,,,,,,,,,,,,,,2080,2480,2760,3250,3840,4240,4360,4440,4670,4710,4900,5500,6260,7330,8420,9930,11940,12490,12670,12820,13090,13230,13470,13250,12660,12690,14180,15330,15300,16850
Pre-demographic dividend,PRE,"GNI per capita, Atlas method (current US$)",NY.GNP.PCAP.CD,,,,,,,,,,,,,,,,,,,,,640.3306739,687.6505373,728.3697484,712.8635309,618.1230195,585.1713276,573.3675251,602.2676093,629.0909442,606.6044796,761.9536007,443.7817629,387.5625433,327.5165565,288.0873402,298.8454679,326.6669639,370.8809564,378.8148725,396.6967989,413.2279842,433.3204065,453.8479991,470.3918599,580.7227837,671.2793188,812.1648056,965.9058907,1178.440924,1253.061605,1318.621823,1374.120536,1539.315608,1674.846379,1773.467436,1660.727572,1496.284321,1367.464241,1352.768721,1411.326823,1335.632483,1374.777843
Puerto Rico,PRI,"GNI per capita, Atlas method (current US$)",NY.GNP.PCAP.CD,,,820,900,960,1060,1160,1240,1370,1560,1750,1910,2100,2380,2590,2660,2650,2740,2980,3390,3720,3890,3770,3670,3970,4280,4750,5350,5860,6050,5950,6300,6760,7100,7370,7820,8130,8510,8690,9590,10550,10950,11250,12170,14260,14750,15030,15860,16360,16580,16920,17670,18680,19170,19280,19420,19710,20000,21010,22040,21240,22580
"Korea, Dem. People's Rep.",PRK,"GNI per capita, Atlas method (current US$)",NY.GNP.PCAP.CD,,,,,,,,,,,,,,,,,,,,,,,,,,,,,,,,,,,,,,,,,,,,,,,,,,,,,,,,,,,,,,
Portugal,PRT,"GNI per capita, Atlas method (current US$)",NY.GNP.PCAP.CD,,,410,430,470,520,570,640,730,790,950,1070,1270,1700,2070,2210,2330,2430,2530,2870,3350,3420,3230,2830,2520,2530,3080,4160,5630,6320,7130,8180,9860,10100,10450,11210,12100,12370,12190,12260,12180,11850,11780,13290,16190,18600,19410,20860,22640,22990,23030,22770,21170,21380,21200,20460,19940,20060,22060,23200,21850,23890
Paraguay,PRY,"GNI per capita, Atlas method (current US$)",NY.GNP.PCAP.CD,,,,,,,,,,,,,,,,,,,,,,,,,,,,,,,,,,,,1740,1910,1910,1790,1660,1500,1470,1390,1290,1430,1620,1970,2490,3300,3720,4390,4820,5160,5960,6280,6100,5870,5810,6050,5950,5550,5740
West Bank and Gaza,PSE,"GNI per capita, Atlas method (current US$)",NY.GNP.PCAP.CD,,,,,,,,,,,,,,,,,,,,,,,,,,,,,,,,,,,,,1470,1630,1780,1800,1550,1370,1190,1370,1640,1780,1710,1790,2040,2250,2510,2880,3210,3470,3560,3670,3900,3930,4190,4270,3700,4220
Pacific island small states,PSS,"GNI per capita, Atlas method (current US$)",NY.GNP.PCAP.CD,,,,,,,,,,,,,,,,,,,,,,,1429.790208,1284.806756,1321.682319,1258.888253,1364.8411,1349.59792,1377.35097,1384.337008,1409.326956,1417.88716,1578.312327,1655.942612,1792.006645,1988.573912,2122.180083,2074.823185,1921.616759,1918.944995,1821.099339,1754.58601,1715.558561,1848.960497,2174.03536,2502.445279,2572.695354,2715.047677,2895.664288,2884.694039,2893.040704,3030.652458,3250.871284,3614.630085,3753.468701,3797.599481,3837.649408,3898.349308,4214.895633,4314.416342,3876.439042,3768.69922
Post-demographic dividend,PST,"GNI per capita, Atlas method (current US$)",NY.GNP.PCAP.CD,,,1515.519684,1607.483183,1729.785798,1876.271785,2045.124429,2175.487779,2383.332288,2595.007234,2752.137178,2997.982742,3435.982497,4203.407437,4899.664148,5480.330426,5789.943125,6218.543327,7118.328776,8542.555814,9851.147783,10222.52658,9754.424665,9384.821929,9762.614739,10247.499,11592.1273,13962.20087,17042.42169,17955.91632,18763.91822,19482.79524,21142.7485,21638.24934,22804.82648,24399.43102,25619.71352,25728.24819,24746.22252,25070.38447,26132.53888,26143.02448,25990.34713,28017.18103,31998.65414,35229.52632,36882.1825,38225.98592,39816.12146,39209.02528,40354.19692,41681.87725,42949.77176,43698.1187,43832.40959,42595.4151,41796.44828,42197.86525,45144.19173,46734.82446,45041.72292,49294.4441
French Polynesia,PYF,"GNI per capita, Atlas method (current US$)",NY.GNP.PCAP.CD,,,,,,,,1970,2370,2280,2250,2470,2490,3110,4300,4790,5250,5530,6340,7490,8470,8480,7710,7050,7050,7170,9410,11930,13870,14290,14670,15540,20700,20380,20390,21290,22020,21050,19670,18980,18560,,,,,,,,,,,,,,,,,,,,,
Qatar,QAT,"GNI per capita, Atlas method (current US$)",NY.GNP.PCAP.CD,,,,,,,,,,,,,,,,,,,,,,,,,,,,,,,,,,,,,,,,,,,25520,27950,35010,39010,51190,57400,65230,62950,68920,75540,83990,91130,89830,78040,66030,57190,59150,61720,58370,62310
Romania,ROU,"GNI per capita, Atlas method (current US$)",NY.GNP.PCAP.CD,,,,,,,,,,,,,,,,,,,,,,,,,,,,,,,,,1250,1190,1270,1490,1640,1590,1580,1610,1710,1760,1950,2250,2960,3880,4900,6390,8800,9220,8710,9010,9200,9390,9760,9610,9460,10030,11520,12670,12700,14160
Russian Federation,RUS,"GNI per capita, Atlas method (current US$)",NY.GNP.PCAP.CD,,,,,,,,,,,,,,,,,,,,,,,,,,,,,,,,3440,3090,2920,2650,2640,2600,2650,2130,1750,1710,1780,2100,2590,3410,4450,5810,7560,9580,9230,9980,11060,13490,15190,14630,11780,9730,9210,10250,11280,10740,11610
Rwanda,RWA,"GNI per capita, Atlas method (current US$)",NY.GNP.PCAP.CD,,,40,40,30,40,40,40,50,50,60,60,60,70,80,100,130,160,180,220,260,280,260,250,240,250,290,320,360,360,350,300,300,250,130,220,200,220,230,260,270,270,260,250,270,310,350,400,480,540,590,630,690,710,720,730,730,720,770,810,760,840
South Asia,SAS,"GNI per capita, Atlas method (current US$)",NY.GNP.PCAP.CD,,,86.46867119,93.52236064,103.88838,108.4995783,104.5312095,105.69068,103.0794342,110.3195815,116.8625658,120.8933013,124.8408707,140.8819844,163.2055426,186.1809382,180.4253501,183.4953103,202.3326759,221.0737487,265.7123721,291.916042,286.1122125,280.0121111,278.0067099,287.4375977,306.7634679,341.5217305,379.0927272,376.3222986,372.8114937,345.5903738,347.2352603,332.8094564,346.3215577,371.327182,402.4020688,410.1714197,411.2499528,431.1436779,440.0436742,449.1096094,455.2951018,506.6892909,591.0050215,678.3567285,751.3531377,859.3598846,937.1583463,1039.829004,1132.603083,1260.513243,1371.729772,1417.8344,1460.978029,1505.728994,1594.291263,1737.636827,1928.166576,2012.088926,1856.252786,2076.156068
Saudi Arabia,SAU,"GNI per capita, Atlas method (current US$)",NY.GNP.PCAP.CD,,,,,,,,,,,890,960,1090,1510,2980,4230,7520,8230,8340,10540,13600,15960,13700,11280,10220,9170,9350,7890,7810,7220,7490,8370,8500,8010,7660,7710,7880,8010,7740,7350,7810,8180,8070,9200,10800,12350,13670,15080,17420,16730,17480,19580,22740,24280,24590,22970,20980,19350,21040,22210,21540,
Sudan,SDN,"GNI per capita, Atlas method (current US$)",NY.GNP.PCAP.CD,,,130,130,130,130,130,130,140,150,160,170,180,210,280,350,410,440,420,450,470,490,440,380,340,330,390,470,540,660,780,1070,530,380,320,410,410,410,360,350,350,390,440,540,640,790,960,1200,1410,1430,1430,1640,1700,1720,1880,1950,2190,2430,1390,940,630,650
Senegal,SEN,"GNI per capita, Atlas method (current US$)",NY.GNP.PCAP.CD,,,,,,,,,330,300,320,310,340,360,440,550,590,580,570,700,820,820,750,590,550,550,640,820,950,940,920,930,980,940,770,740,710,710,700,690,670,660,630,730,880,1000,1040,1110,1260,1340,1350,1320,1330,1360,1390,1330,1300,1300,1420,1460,1460,1570
Singapore,SGP,"GNI per capita, Atlas method (current US$)",NY.GNP.PCAP.CD,,,490,530,510,540,590,660,750,850,970,1090,1280,1600,2090,2660,2930,3020,3370,3990,4730,5380,5680,6170,6930,7100,7330,8080,9320,10320,11450,12970,15270,17710,20780,23630,25610,27730,24010,23360,23680,22130,22000,23440,26170,28830,32550,36010,37230,37320,44930,48250,51710,54460,56380,53160,53250,54590,56670,58060,55010,64010
Solomon Islands,SLB,"GNI per capita, Atlas method (current US$)",NY.GNP.PCAP.CD,,,,,,,,,,,,,,,,,,,,,,,750,700,660,600,560,580,580,570,610,640,770,820,960,1150,1260,1250,1180,1110,940,890,800,880,990,1140,1180,1250,1360,1430,1580,1690,1840,2130,2160,2100,2110,2150,2320,2390,2340,2320
Sierra Leone,SLE,"GNI per capita, Atlas method (current US$)",NY.GNP.PCAP.CD,,,,,150,160,150,140,140,150,160,160,160,190,220,250,220,210,240,310,370,360,360,300,300,240,180,180,180,210,190,170,130,160,160,180,200,190,170,150,140,150,200,260,270,290,300,370,420,440,420,420,530,650,680,540,480,500,470,520,490,500
El Salvador,SLV,"GNI per capita, Atlas method (current US$)",NY.GNP.PCAP.CD,,,,,,,,300,300,310,320,330,350,390,440,490,540,620,720,790,750,760,720,690,710,730,760,820,860,850,880,910,1030,1140,1260,1450,1560,1660,1720,1790,1880,1930,1990,2110,2270,2420,2590,2710,2900,2850,2910,3100,3250,3390,3450,3490,3570,3670,3900,4090,3740,4260
San Marino,SMR,"GNI per capita, Atlas method (current US$)",NY.GNP.PCAP.CD,,,,,,,,,,,,,,,,,,,,,,,,,,,,,,,,,,,,,,,,,,,,,,,,,,,,,,,,,,39740,42250,44390,41450,
Somalia,SOM,"GNI per capita, Atlas method (current US$)",NY.GNP.PCAP.CD,,,70,70,70,70,80,80,80,80,90,90,100,120,120,170,180,170,140,110,110,120,120,110,110,120,130,140,150,150,140,,,,,,,,,,,,,,,,,,,,,,,,,400,400,380,390,410,410,430
Serbia,SRB,"GNI per capita, Atlas method (current US$)",NY.GNP.PCAP.CD,,,,,,,,,,,,,,,,,,,,,,,,,,,,,,,,,,,,,,2990,2990,2610,1610,1540,1520,2390,3250,3790,4130,4830,6030,6450,6220,6190,6080,6460,6240,5960,5700,5570,6410,7040,7440,8460
Sub-Saharan Africa (excluding high income),SSA,"GNI per capita, Atlas method (current US$)",NY.GNP.PCAP.CD,,,124.808632,131.7388222,137.5636597,146.3417759,152.2029851,156.7363937,163.6538131,177.1097451,198.9345552,212.0202317,226.0247071,261.8612583,340.6253649,396.2473026,422.2168437,432.9129104,454.827782,530.1452389,632.6553319,726.9712707,757.795313,744.7567277,658.3994623,591.1682493,561.8617949,591.626841,649.3522434,646.5472836,647.6328259,664.3125979,640.534579,603.0974868,574.4319145,591.7570783,608.7097012,625.2125124,590.0829612,579.207566,572.3746628,565.6398903,574.6760301,629.2995582,765.9191157,939.0813549,1089.930264,1222.85005,1372.219099,1413.521698,1482.103807,1576.658911,1711.490553,1795.529333,1854.280461,1746.694127,1586.871202,1504.362607,1519.644754,1567.939916,1495.349241,1561.401255
South Sudan,SSD,"GNI per capita, Atlas method (current US$)",NY.GNP.PCAP.CD,,,,,,,,,,,,,,,,,,,,,,,,,,,,,,,,,,,,,,,,,,,,,,,,,,,,770,800,1090,1170,1040,,,,,,
Sub-Saharan Africa,SSF,"GNI per capita, Atlas method (current US$)",NY.GNP.PCAP.CD,,,124.8318256,131.7648501,137.5912515,146.3659217,152.2334957,156.7625526,163.6775284,177.1259277,198.9474483,212.0414398,226.0566505,261.9109589,340.681134,396.3053159,422.2749766,432.9591891,454.923664,530.327545,632.8706012,727.1893204,757.9957649,744.9348734,658.5995074,591.4219177,562.1524099,591.9871432,649.8056619,647.0737827,648.2158735,664.9078278,641.2290921,603.8464278,575.2057631,592.5101819,609.4868451,626.0516128,590.9198818,580.0374186,573.190533,566.4387716,575.4216012,630.0846312,766.863794,940.1880369,1091.168621,1224.014236,1373.244972,1414.420759,1482.992486,1577.574984,1712.417794,1796.542768,1855.346053,1747.843085,1588.026379,1505.549001,1520.903338,1569.233333,1496.422704,1562.492399
Small states,SST,"GNI per capita, Atlas method (current US$)",NY.GNP.PCAP.CD,,,,,,,,,,,,,,,,,,,,,,,,,,,,,,,,,,,,,,,,,,,4185.626388,4647.916644,5510.05347,6465.437554,7646.856939,8841.936095,10042.68399,9866.987251,10305.61312,11030.9373,12183.51249,13084.22528,13246.3391,12460.94453,11501.98421,10992.88095,11622.96473,12187.68377,11139.8385,11665.10962
Sao Tome and Principe,STP,"GNI per capita, Atlas method (current US$)",NY.GNP.PCAP.CD,,,,,,,,,,,,,,,,,,,,,,,,,,,,,,,,,,,,,,,,,,,,600,690,800,910,940,990,1040,1120,1170,1220,1420,1620,1640,1680,1690,1860,1960,2100,2260
Suriname,SUR,"GNI per capita, Atlas method (current US$)",NY.GNP.PCAP.CD,,,290,240,260,380,460,510,520,530,560,580,640,710,890,1210,1300,1520,1810,2070,2200,2530,2400,2210,2230,2260,2340,2420,2890,2170,1400,1130,1040,990,1120,1350,1640,1840,2050,1930,1940,1630,1870,2130,2730,3210,3910,4890,6130,6740,7380,7680,8290,8690,8990,8640,6740,5770,5790,6020,4500,4410
Slovak Republic,SVK,"GNI per capita, Atlas method (current US$)",NY.GNP.PCAP.CD,,,,,,,,,,,,,,,,,,,,,,,,,,,,,,,,,,,,4220,5020,5420,5430,5380,5540,5730,6040,6980,9060,11370,12950,14940,17290,17150,17620,17590,17830,18270,18340,17760,16840,16670,18400,19200,19180,20640
Slovenia,SVN,"GNI per capita, Atlas method (current US$)",NY.GNP.PCAP.CD,,,,,,,,,,,,,,,,,,,,,,,,,,,,,,,,,,,,,,11240,11000,11320,11270,10950,10920,12630,15610,18310,19820,21800,24660,24450,24620,24630,23260,23240,23620,22270,21790,22140,24650,26040,25400,28280
Sweden,SWE,"GNI per capita, Atlas method (current US$)",NY.GNP.PCAP.CD,,,2310,2490,2740,2960,3190,3460,3770,4100,4690,4990,5670,7050,8580,10160,10720,11290,12460,14790,17300,17530,15760,13550,13020,13080,15330,19360,24190,26090,27760,29110,31340,28200,27690,28070,30400,31390,31110,31300,31610,29720,29090,32750,39790,45770,49150,52310,55720,52640,54630,56700,59090,61800,61870,58420,54360,53030,55690,56420,54740,59540
Eswatini,SWZ,"GNI per capita, Atlas method (current US$)",NY.GNP.PCAP.CD,,,,,,,,,,,,,290,360,460,,,,,,,,,,,,,,,,1250,1290,1470,1480,1490,1770,1870,1900,1690,1690,1630,1660,1520,1640,2080,2970,3170,3350,3240,3210,3350,3740,4190,4290,4020,3700,3370,3310,3550,3630,3360,3650
Sint Maarten (Dutch part),SXM,"GNI per capita, Atlas method (current US$)",NY.GNP.PCAP.CD,,,,,,,,,,,,,,,,,,,,,,,,,,,,,,,,,,,,,,,,,,,,,,,,,,,,,,27540,28670,29560,30890,28210,27510,,,
Seychelles,SYC,"GNI per capita, Atlas method (current US$)",NY.GNP.PCAP.CD,,,290,310,330,320,360,350,350,330,350,410,480,630,770,870,910,870,1170,1760,2110,2300,2290,2190,2220,2490,2740,3200,3970,4540,5030,5200,6000,6390,6530,6460,6740,7330,7320,7290,7290,7310,6850,7490,9280,11140,12580,12280,11180,10230,10190,11060,11480,12560,13310,14150,14220,14660,15710,16400,14040,14540
Syrian Arab Republic,SYR,"GNI per capita, Atlas method (current US$)",NY.GNP.PCAP.CD,,,,,,,,,,,,,,,,,,,,,,,,,,,,,,,,,,,,,,,,,4100,4390,4660,5090,5750,6330,7000,7670,8630,9660,10330,5440,2650,1280,1080,910,760,730,810,970,760,
Turks and Caicos Islands,TCA,"GNI per capita, Atlas method (current US$)",NY.GNP.PCAP.CD,,,,,,,,,,,,,,,,,,,,,,,,,,,,,,,,,,,,,,,,,,,,,,,,,,,,,,,23530,25140,26100,24400,25730,26710,19610,21410
Chad,TCD,"GNI per capita, Atlas method (current US$)",NY.GNP.PCAP.CD,,,110,110,110,120,120,130,130,140,140,140,150,160,190,230,220,230,250,220,250,240,210,190,180,210,210,220,270,280,270,300,330,250,230,210,200,210,220,200,180,190,200,220,340,470,540,640,700,840,910,890,960,970,970,880,730,640,670,690,630,640
East Asia & Pacific (IDA & IBRD countries),TEA,"GNI per capita, Atlas method (current US$)",NY.GNP.PCAP.CD,,,73.35415429,79.60970486,88.13148359,99.64044701,107.6775418,101.6692721,98.664757,110.6200155,123.7698041,127.1990317,134.2792405,162.0868032,189.8377797,221.1847667,216.8087376,230.2534551,244.2739887,269.7480471,298.3770526,315.7328936,315.3340741,311.0993207,328.9905357,351.4615186,373.2299698,390.0556188,410.082827,412.3002891,427.899861,458.3111397,508.9861498,552.4457437,620.1196175,713.3360449,830.0960917,899.1697795,842.2456463,864.682239,920.3337109,992.1382566,1073.656187,1219.977779,1434.582097,1651.684052,1911.454686,2293.195511,2793.043672,3243.911691,3792.022096,4384.993011,5127.161087,5761.992459,6265.702778,6518.633613,6727.426554,7069.641549,7756.349535,8349.150846,8425.805299,9394.307008
Europe & Central Asia (IDA & IBRD countries),TEC,"GNI per capita, Atlas method (current US$)",NY.GNP.PCAP.CD,,,,,,,,,,,,,,,,,,,,,,,,,,,,,,,,2307.065117,2180.738413,2144.24598,1973.872686,2054.507343,2120.928852,2222.740544,2094.054511,1979.566698,2073.561029,2004.224638,2167.127626,2535.381991,3247.445299,4110.677015,5025.690372,6188.146204,7544.35562,7509.744209,7971.569568,8570.325328,9678.866829,10537.65025,10458.9082,9245.690615,8168.97389,7909.108751,8440.228606,8905.621428,8602.991417,9392.725237
Togo,TGO,"GNI per capita, Atlas method (current US$)",NY.GNP.PCAP.CD,,,80,80,100,100,110,120,120,130,130,120,140,160,220,250,260,280,320,330,400,370,300,240,220,220,250,300,380,390,390,390,400,330,310,300,300,340,320,310,300,290,300,340,380,390,400,410,460,520,550,600,580,610,630,630,660,710,860,900,900,960
Thailand,THA,"GNI per capita, Atlas method (current US$)",NY.GNP.PCAP.CD,,,120,120,130,140,160,170,190,200,210,220,220,270,340,400,430,470,540,630,740,780,790,790,820,820,860,980,1190,1350,1520,1690,1920,2150,2410,2740,2950,2670,2080,1980,1980,1960,1980,2170,2520,2780,3080,3490,3920,4080,4510,4860,5420,5610,5640,5580,5570,5820,6450,7080,6900,7090
Tajikistan,TJK,"GNI per capita, Atlas method (current US$)",NY.GNP.PCAP.CD,,,,,,,,,,,,,,,,,,,,,,,,,,,,,,,,,270,230,220,210,170,160,170,180,170,160,170,210,260,370,460,570,740,790,910,1010,1140,1310,1340,1250,1110,1020,1020,1070,1050,1150
Turkmenistan,TKM,"GNI per capita, Atlas method (current US$)",NY.GNP.PCAP.CD,,,,,,,,,,,,,,,,,,,,,,,,,,,,,,,,,,800,680,600,610,550,560,610,590,640,730,960,1270,1550,1830,2250,2940,3430,3930,4560,5370,6280,6950,6790,6590,6160,6500,6970,,
Latin America & the Caribbean (IDA & IBRD countries),TLA,"GNI per capita, Atlas method (current US$)",NY.GNP.PCAP.CD,,,,,,,477.8387512,491.3949928,525.066406,557.8601013,592.7854074,649.8868357,713.9918017,864.5237581,1105.429813,1281.497861,1363.298569,1400.686511,1525.592322,1797.291678,2097.856657,2282.001591,2168.574998,1905.286143,1808.753495,1711.224419,1739.737357,1834.7717,1958.899898,1989.038744,2102.658743,2353.050534,2676.03288,2931.379334,3289.117913,3542.746018,3944.643283,4286.054094,4282.004215,4055.777691,4107.547177,3982.355842,3721.274897,3699.1735,4002.086705,4491.548477,5192.321512,6083.026451,7036.721551,7215.373733,8024.053812,8850.270146,9789.193918,10204.01012,10085.64855,9090.982279,8345.707094,8219.820669,8546.760046,8637.522246,7528.003688,7949.242439
Timor-Leste,TLS,"GNI per capita, Atlas method (current US$)",NY.GNP.PCAP.CD,,,,,,,,,,,,,,,,,,,,,,,,,,,,,,,,,,,,,,,,,,,770,680,800,950,1340,1870,3010,2350,2870,3730,3560,3190,2690,2180,1740,1800,1820,2110,2100,1140
Middle East & North Africa (IDA & IBRD countries),TMN,"GNI per capita, Atlas method (current US$)",NY.GNP.PCAP.CD,,,,,,,,,,,,,,,,,,,,,,,,,,,,,,,,,,,,1256.077685,1443.821489,1568.819869,1614.611941,1669.364252,1747.982853,1802.146733,1786.385704,1861.109624,2104.322837,2370.45329,2703.280544,3166.733221,3715.869264,4056.052091,4401.144466,4229.603662,4579.361886,4616.784013,4495.330288,4040.97394,3930.690624,3753.000372,3645.757929,3496.417704,3164.700373,3398.755945
Tonga,TON,"GNI per capita, Atlas method (current US$)",NY.GNP.PCAP.CD,,,,,,,,,,,,,,,,,,,,,,,,660,660,690,750,840,1030,1120,1180,1300,1390,1470,1750,2000,2280,2240,2140,2070,1990,1930,1910,1900,2060,2300,2600,2790,3160,3080,3270,3660,4130,4320,4350,4210,4220,4440,4710,5130,5200,4930
South Asia (IDA & IBRD),TSA,"GNI per capita, Atlas method (current US$)",NY.GNP.PCAP.CD,,,86.46867119,93.52236064,103.88838,108.4995783,104.5312095,105.69068,103.0794342,110.3195815,116.8625658,120.8933013,124.8408707,140.8819844,163.2055426,186.1809382,180.4253501,183.4953103,202.3326759,221.0737487,265.7123721,291.916042,286.1122125,280.0121111,278.0067099,287.4375977,306.7634679,341.5217305,379.0927272,376.3222986,372.8114937,345.5903738,347.2352603,332.8094564,346.3215577,371.327182,402.4020688,410.1714197,411.2499528,431.1436779,440.0436742,449.1096094,455.2951018,506.6892909,591.0050215,678.3567285,751.3531377,859.3598846,937.1583463,1039.829004,1132.603083,1260.513243,1371.729772,1417.8344,1460.978029,1505.728994,1594.291263,1737.636827,1928.166576,2012.088926,1856.252786,2076.156068
Sub-Saharan Africa (IDA & IBRD countries),TSS,"GNI per capita, Atlas method (current US$)",NY.GNP.PCAP.CD,,,124.8318256,131.7648501,137.5912515,146.3659217,152.2334957,156.7625526,163.6775284,177.1259277,198.9474483,212.0414398,226.0566505,261.9109589,340.681134,396.3053159,422.2749766,432.9591891,454.923664,530.327545,632.8706012,727.1893204,757.9957649,744.9348734,658.5995074,591.4219177,562.1524099,591.9871432,649.8056619,647.0737827,648.2158735,664.9078278,641.2290921,603.8464278,575.2057631,592.5101819,609.4868451,626.0516128,590.9198818,580.0374186,573.190533,566.4387716,575.4216012,630.0846312,766.863794,940.1880369,1091.168621,1224.014236,1373.244972,1414.420759,1482.992486,1577.574984,1712.417794,1796.542768,1855.346053,1747.843085,1588.026379,1505.549001,1520.903338,1569.233333,1496.422704,1562.492399
Trinidad and Tobago,TTO,"GNI per capita, Atlas method (current US$)",NY.GNP.PCAP.CD,,,630,740,800,800,740,750,760,770,790,830,960,1150,1440,2080,2430,2700,3230,3780,4940,5840,6490,5950,5880,5750,4950,4160,3800,3500,3570,3750,4250,3920,3720,3810,4050,4300,4410,4650,5140,5770,6420,7650,9190,10590,12560,14170,16370,15270,15500,14090,16750,18760,19110,19020,16510,15560,15260,15620,13830,15000
Tunisia,TUN,"GNI per capita, Atlas method (current US$)",NY.GNP.PCAP.CD,,,,,,,,220,250,260,270,310,400,450,600,750,800,820,910,1090,1320,1380,1240,1150,1140,1120,1110,1240,1300,1260,1380,1430,1640,1620,1670,1760,1930,2080,2110,2220,2230,2200,2130,2390,2820,3080,3240,3450,3770,3970,4090,4010,4190,4240,4250,4070,3870,3650,3650,3540,3230,3540
Turkiye,TUR,"GNI per capita, Atlas method (current US$)",NY.GNP.PCAP.CD,,,,,,,,460,510,550,550,530,550,630,840,1100,1300,1400,1510,1810,1850,1860,1570,1400,1310,1310,1440,1740,1850,1910,2290,2560,2910,3110,2640,2810,2880,3140,3390,3540,4260,3530,3540,3900,5210,6750,7790,8840,9730,9520,10370,11200,11860,12500,12480,11860,11090,10840,10450,9670,9070,9900
Tuvalu,TUV,"GNI per capita, Atlas method (current US$)",NY.GNP.PCAP.CD,,,,,,,,,,,,,,,,,,,,,,,,,,,,,,,,,,,,,,,,,,2700,3430,2620,3390,3760,3930,4690,4800,4900,4510,4760,4480,5650,4790,5690,5490,5320,6160,6640,6750,7200
Tanzania,TZA,"GNI per capita, Atlas method (current US$)",NY.GNP.PCAP.CD,,,,,,,,,,,,,,,,,,,,,,,,,,,,,,,190,180,170,170,160,160,190,210,260,320,390,390,410,420,460,490,510,520,590,650,710,750,800,880,960,960,950,940,1000,1070,1050,1100
Uganda,UGA,"GNI per capita, Atlas method (current US$)",NY.GNP.PCAP.CD,,,,,,,,,,,,,,,,,,,,,,,,,170,190,240,310,390,400,320,240,190,170,180,230,270,290,290,280,270,240,250,250,280,310,350,380,430,550,680,860,830,810,830,850,820,760,740,750,740,760
Ukraine,UKR,"GNI per capita, Atlas method (current US$)",NY.GNP.PCAP.CD,,,,,,,,,,,,,,,,,,,,,,,,,,,,,,1620,1610,1520,1410,1230,1000,920,860,890,850,760,680,720,790,980,1270,1540,1950,2590,3210,2840,3030,3150,3650,3950,3560,2800,2360,2360,2750,3310,3570,4120
Upper middle income,UMC,"GNI per capita, Atlas method (current US$)",NY.GNP.PCAP.CD,,,171.6305527,187.3183001,209.7275342,233.0420906,252.1307247,250.7438003,259.1822325,283.1291463,307.3535839,326.4125143,352.750467,427.0590753,528.4213875,622.2618259,639.4447082,661.6609126,708.6730135,822.1620476,937.6368372,997.4423536,951.667172,869.528488,871.3621958,870.2867367,905.9605768,978.7169078,1057.181697,1082.621476,1183.041285,1209.213555,1297.854147,1371.80537,1462.246753,1583.573281,1756.908213,1896.715549,1861.99463,1820.649331,1897.355757,1896.205551,1927.557996,2093.822066,2445.814055,2875.271877,3380.858096,4040.241016,4811.810002,5175.622518,5849.327895,6584.957677,7561.514809,8302.61186,8640.25565,8432.216175,8229.458903,8411.935805,9079.368832,9623.767941,9386.553474,10358.1133
Uruguay,URY,"GNI per capita, Atlas method (current US$)",NY.GNP.PCAP.CD,,,580,610,670,680,730,640,620,670,820,860,870,1050,1350,1600,1460,1400,1600,2120,2830,3610,3260,2180,1730,1500,1770,2200,2590,2720,2840,3180,3840,4360,5050,5560,6200,7030,7310,7320,7120,6550,5170,4260,4140,4730,5400,6390,7720,8820,10460,12090,13360,15360,15830,15670,15490,15990,17390,17940,15950,16080
United States,USA,"GNI per capita, Atlas method (current US$)",NY.GNP.PCAP.CD,,,3280,3410,3610,3880,4190,4370,4740,5070,5230,5620,6280,7290,7980,8510,8960,9590,10760,12200,13380,14360,14220,14570,16210,17460,19110,21390,23490,23770,24060,24270,25680,26390,27650,29040,30270,31270,32030,33680,35960,36700,37310,39750,43510,46180,47830,48500,49100,47870,49150,50620,52790,53990,55800,56620,57140,59220,63460,66130,64650,70930
Uzbekistan,UZB,"GNI per capita, Atlas method (current US$)",NY.GNP.PCAP.CD,,,,,,,,,,,,,,,,,,,,,,,,,,,,,,,,,600,590,570,580,600,610,620,650,630,560,450,420,460,530,610,770,980,1150,1410,1730,2160,2430,2600,2740,2790,2470,2110,1870,1740,1960
St. Vincent and the Grenadines,VCT,"GNI per capita, Atlas method (current US$)",NY.GNP.PCAP.CD,,,170,160,160,170,170,160,170,180,190,200,270,280,310,340,360,430,520,660,780,900,970,1020,1130,1250,1370,1570,1850,1940,2020,2130,2420,2550,2510,2730,2840,2900,3010,3130,3380,3650,4010,4430,4810,5080,5610,6070,6420,6570,6350,6430,6760,7030,6910,7160,7540,7760,8370,8580,8260,8720
"Venezuela, RB",VEN,"GNI per capita, Atlas method (current US$)",NY.GNP.PCAP.CD,,,950,990,950,890,820,840,900,910,990,1020,1120,1340,1720,2140,2480,2600,2790,3180,3600,4090,4030,3770,3630,3500,3590,3340,3380,2550,2650,2680,2850,2830,2720,3020,3080,3440,3390,3540,4080,4560,3950,3460,4070,4930,6070,7550,9300,10270,11690,11890,12660,11950,13010,,,,,,,
British Virgin Islands,VGB,"GNI per capita, Atlas method (current US$)",NY.GNP.PCAP.CD,,,,,,,,,,,,,,,,,,,,,,,,,,,,,,,,,,,,,,,,,,,,,,,,,,,,,,,,,,,,,,
Virgin Islands (U.S.),VIR,"GNI per capita, Atlas method (current US$)",NY.GNP.PCAP.CD,,,,,,,,,,,,,,,,,,,,,,,,,,,,,,,,,,,,,,,,,,,,,,,,,,,,,,,,,,,,,,
Vietnam,VNM,"GNI per capita, Atlas method (current US$)",NY.GNP.PCAP.CD,,,,,,,,,,,,,,,,,,,,,,,,,,,,,,220,130,110,130,160,190,250,300,340,350,360,380,400,420,470,540,640,730,840,990,1120,1370,1630,1980,2200,2400,2480,2580,2720,3060,3340,3450,3590
Vanuatu,VUT,"GNI per capita, Atlas method (current US$)",NY.GNP.PCAP.CD,,,,,,,,,,,,,,,,,,,,,,920,820,790,880,910,960,870,970,1070,1200,1090,1120,1130,1190,1220,1310,1360,1410,1390,1370,1320,1180,1310,1530,1710,1920,2020,2360,2430,2510,2710,2750,2930,2930,2770,2780,2860,3120,3400,3180,3240
World,WLD,"GNI per capita, Atlas method (current US$)",NY.GNP.PCAP.CD,,,481.5692502,508.2356892,544.0948066,585.6097752,628.1400593,655.4713945,703.3658118,758.8972041,801.6502234,862.4328163,969.5558217,1171.471571,1371.704716,1538.735802,1618.667032,1715.53378,1925.072506,2276.665406,2607.910763,2712.844946,2582.091315,2449.659716,2493.064577,2566.773374,2832.093219,3302.468267,3901.790018,4041.885548,4193.777767,4309.140246,4621.265122,4704.228049,4920.090512,5232.76752,5502.111818,5549.476879,5310.322541,5313.194448,5494.779689,5470.206561,5424.922271,5819.231379,6631.735596,7344.569473,7830.134428,8343.533377,8941.999894,8977.683826,9413.132433,9880.752289,10461.93053,10829.39724,10944.24977,10585.08589,10329.90359,10408.15229,11095.29029,11497.87684,11039.55289,12025.53866
Samoa,WSM,"GNI per capita, Atlas method (current US$)",NY.GNP.PCAP.CD,,,,,,,,,,,,,,,,,,,,,,,,,490,460,480,510,530,560,550,520,,,,,,,,,,,1410,1550,1830,2220,2450,2640,2950,3140,3400,3540,3560,3720,3790,3930,4080,4050,4060,4230,4000,3810
Kosovo,XKX,"GNI per capita, Atlas method (current US$)",NY.GNP.PCAP.CD,,,,,,,,,,,,,,,,,,,,,,,,,,,,,,,,,,,,,,,,,,,,,,,,,,,3150,3390,3540,3800,3910,3930,3930,3950,4300,4640,4440,5130
"Yemen, Rep.",YEM,"GNI per capita, Atlas method (current US$)",NY.GNP.PCAP.CD,,,,,,,,,,,,,,,,,,,,,,,,,,,,,,,,,460,420,350,290,280,310,350,360,400,450,490,510,580,660,760,840,950,1030,1130,1010,1180,1340,1360,1110,1070,1000,840,,,
South Africa,ZAF,"GNI per capita, Atlas method (current US$)",NY.GNP.PCAP.CD,,,550,580,620,660,690,750,790,850,920,990,1040,1250,1570,1790,1720,1650,1750,2080,2660,3050,2940,2700,2640,2270,2090,2290,2730,2880,2890,3020,3290,3440,3610,3780,3830,3790,3420,3330,3280,3080,2890,3180,4070,5480,6180,6510,6560,6420,6810,7700,8320,8050,7340,6550,5960,5950,6390,6730,6090,6530
Zambia,ZMB,"GNI per capita, Atlas method (current US$)",NY.GNP.PCAP.CD,,,190,190,210,260,270,320,360,400,440,430,430,450,570,590,570,510,500,520,630,710,630,520,440,360,260,270,340,420,450,410,380,390,370,400,420,420,370,370,350,360,380,420,480,580,730,910,1180,1270,1330,1390,1660,1720,1760,1540,1340,1270,1400,1390,1130,1030
Zimbabwe,ZWE,"GNI per capita, Atlas method (current US$)",NY.GNP.PCAP.CD,,,210,210,180,230,250,280,280,320,380,390,430,520,640,690,660,620,630,720,830,990,910,840,760,660,590,590,690,740,740,700,550,510,490,470,560,520,410,400,360,390,370,340,320,330,290,250,130,440,650,950,1120,1200,1210,1220,1200,1170,1550,1450,1460,1530